29,62,43,30,14,42,30,19,55,27,3
25,36,29,19,28,36,26,28,30,27,3
21,70,43,40,10,39,40,14,47,29,3
19,43,29,24,26,33,28,19,38,24,3
24,66,41,24,16,30,33,16,46,24,3
16,41,26,18,17,32,29,25,35,24,3
21,79,26,34,7,51,30,13,59,27,3
33,60,31,28,20,47,30,14,53,37,3
13,58,37,24,22,42,32,20,38,27,3
17,63,20,17,18,42,27,23,41,34,3
13,59,21,22,18,42,29,13,45,21,3
29,47,50,25,12,27,45,26,48,30,3
21,61,29,27,8,35,26,18,56,19,3
25,54,48,31,18,42,34,27,45,26,3
17,47,28,17,13,37,30,26,30,22,3
19,45,42,21,17,34,21,27,43,27,3
25,70,28,29,12,39,20,18,60,28,3
11,43,44,20,19,40,27,24,35,24,3
24,83,31,44,10,38,29,18,68,40,3
19,39,31,17,18,39,27,23,35,30,3
32,54,52,39,15,46,28,25,55,26,3
23,67,23,21,16,38,31,26,49,30,3
8,26,16,22,13,19,28,15,47,25,3
22,71,30,26,14,52,17,18,60,17,3
18,74,27,27,21,48,19,25,60,25,3
12,46,37,18,24,36,29,26,35,19,3
23,71,29,35,20,33,31,19,59,38,3
17,45,44,20,9,45,28,28,46,24,3
26,70,26,24,22,49,19,25,66,28,3
37,54,50,26,9,47,36,20,44,34,3
22,72,29,38,28,42,38,16,65,36,3
28,66,34,22,21,44,29,24,61,34,3
15,51,47,23,22,40,18,29,36,27,3
23,44,59,26,14,36,44,21,44,29,3
21,60,31,21,13,49,16,27,33,27,3
20,36,26,21,19,36,36,24,47,26,3
17,59,30,23,12,53,22,19,44,31,3
14,46,44,35,14,48,30,35,45,25,3
24,55,36,29,11,29,23,13,49,24,3
16,62,21,12,18,45,22,21,54,22,3
23,45,33,26,21,33,32,29,30,24,3
28,68,28,33,9,60,31,19,43,29,3
29,48,56,21,20,32,44,21,36,26,3
18,40,31,18,17,44,33,28,36,20,3
18,55,34,18,12,67,18,23,44,19,3
24,48,33,16,13,45,28,28,40,27,3
12,54,32,23,11,55,29,30,35,23,3
17,45,49,24,30,45,40,19,40,38,3
25,61,30,37,19,58,27,22,43,31,3
12,47,38,16,18,32,35,11,34,16,3
25,67,33,25,14,60,32,16,51,19,3
18,39,43,22,17,38,38,35,48,35,3
13,40,32,18,15,51,20,23,45,22,3
4,28,19,19,16,19,28,19,52,24,3
10,60,46,29,18,51,22,21,47,21,3
12,45,29,12,21,38,40,20,32,30,3
17,61,32,25,8,34,21,12,49,23,3
34,64,38,28,10,43,30,17,45,23,3
7,36,20,18,30,20,34,21,43,22,3
31,79,29,26,17,76,28,18,47,34,3
11,35,21,28,15,25,27,22,46,26,3
13,31,30,21,26,43,34,19,41,25,3
13,34,39,22,14,44,39,33,23,36,3
17,40,27,21,22,41,25,32,30,24,3
18,48,46,25,18,43,20,28,35,28,3
9,19,23,19,17,12,34,24,45,16,3
18,55,32,24,20,54,23,23,41,18,3
19,65,33,26,15,59,24,20,41,17,3
23,72,34,29,21,46,22,22,68,29,3
22,47,31,23,15,52,15,17,26,29,3
21,61,22,26,22,44,24,15,68,24,3
11,22,17,25,18,18,26,21,40,20,3
27,63,32,31,29,53,29,22,63,28,3
22,45,39,18,14,48,12,21,31,27,3
21,42,49,26,12,31,42,26,38,26,3
24,57,33,29,14,29,25,24,41,32,3
9,43,29,24,24,37,38,21,35,33,3
17,60,24,21,17,47,21,23,50,19,3
27,81,23,22,12,54,16,27,59,27,3
20,78,34,25,13,73,26,11,47,21,3
37,55,43,35,15,48,28,21,53,34,3
41,61,46,26,9,52,33,16,51,32,3
35,67,36,30,13,33,26,19,44,29,3
23,60,31,34,19,60,27,31,37,27,3
24,57,31,34,17,32,30,25,44,37,3
10,45,45,22,22,35,25,13,23,29,3
20,69,28,33,16,33,32,17,52,31,3
13,30,23,19,23,36,25,23,27,25,3
13,44,30,20,28,34,34,22,33,22,3
38,51,41,20,13,40,26,26,43,29,3
34,65,37,30,15,36,35,19,55,33,3
10,29,20,21,21,22,34,22,56,30,3
12,25,15,14,19,22,30,20,52,29,3
18,56,36,32,13,34,24,21,40,22,3
6,24,19,32,21,16,26,23,38,23,3
24,64,30,27,10,38,29,18,47,33,3
25,67,30,23,15,43,24,16,60,26,3
14,37,27,17,15,31,37,32,36,27,3
19,91,26,37,15,38,28,20,64,37,3
13,48,29,25,16,35,23,24,48,22,3
12,55,38,19,14,51,29,20,51,38,3
20,57,36,22,11,56,15,26,29,23,3
16,81,28,44,21,30,30,18,61,35,3
21,61,39,15,25,43,13,14,30,19,3
15,25,20,19,21,14,21,22,45,29,3
35,51,63,26,16,43,30,18,40,34,3
12,47,40,14,24,31,37,23,34,20,3
27,64,39,35,20,55,24,28,54,29,3
17,47,40,22,23,44,13,27,39,28,3
25,45,31,27,9,23,27,24,39,30,3
9,47,44,22,18,35,28,20,27,21,3
19,45,36,22,17,38,37,26,27,30,3
6,34,22,23,21,16,28,21,43,17,3
18,52,30,24,16,33,26,25,35,27,3
20,38,33,22,25,29,34,35,26,24,3
19,44,36,27,11,41,24,28,47,23,3
24,72,32,38,16,43,28,23,71,42,3
15,43,36,23,25,43,42,25,38,27,3
17,72,39,18,14,72,12,20,49,29,3
23,81,30,42,15,42,31,17,74,33,3
15,63,32,20,12,44,20,20,53,17,3
13,42,43,18,24,36,34,29,44,29,3
30,55,22,23,16,43,33,18,52,32,3
19,100,37,53,22,35,32,20,68,33,3
3,33,18,28,14,15,29,18,49,22,3
12,56,41,31,14,43,31,23,35,25,3
19,67,30,19,16,58,19,25,53,23,3
8,29,20,17,15,13,26,19,49,26,3
16,33,29,12,15,31,40,22,30,20,3
30,58,48,20,19,36,42,33,51,23,3
5,29,26,18,14,13,26,26,59,25,3
8,21,19,17,14,20,34,20,45,23,3
13,38,38,23,15,48,28,24,40,16,3
29,52,47,27,19,45,42,21,63,26,3
21,57,37,35,16,41,30,12,55,38,3
15,52,25,40,6,27,23,18,49,28,3
19,32,37,17,14,51,42,27,39,32,3
38,60,45,26,18,45,39,23,45,34,3
24,76,37,44,25,37,31,17,58,33,3
13,36,33,17,22,43,36,22,34,24,3
9,44,39,28,15,42,21,20,43,23,3
28,67,55,30,11,39,31,21,43,29,3
22,69,31,25,17,43,19,22,27,23,3
18,31,39,30,7,45,25,27,34,30,3
8,49,38,24,18,39,33,27,27,26,3
16,45,54,29,19,33,38,24,46,37,3
20,35,34,14,21,41,23,27,45,33,3
14,58,37,17,14,43,22,21,41,25,3
17,88,30,44,18,29,31,20,63,55,3
18,64,36,36,15,38,26,15,62,39,3
20,55,35,23,11,45,17,23,33,15,3
15,53,42,19,18,47,26,22,40,24,3
21,74,33,31,26,36,17,14,68,28,3
38,50,44,29,10,32,27,23,52,34,3
26,80,31,30,17,46,26,30,52,19,3
8,29,19,19,18,14,25,18,43,23,3
27,73,28,15,16,37,22,23,59,20,3
33,42,39,18,13,26,43,21,44,29,3
14,69,26,23,18,48,20,19,49,15,3
12,64,28,18,13,33,20,25,54,22,3
24,41,42,26,18,37,39,28,43,30,3
30,55,52,31,10,47,32,22,48,30,3
38,58,40,24,8,32,31,18,49,23,3
21,69,25,22,13,50,30,18,53,22,3
35,55,36,22,11,47,32,15,62,30,3
29,63,37,32,7,34,32,21,47,25,3
16,38,20,25,18,33,33,20,33,29,3
33,57,44,26,10,41,32,21,37,28,3
22,64,26,15,14,39,18,22,49,27,3
31,62,35,30,13,28,26,17,48,27,3
14,30,31,26,19,35,18,21,42,16,3
12,49,50,17,23,38,35,24,33,22,3
21,85,29,40,14,45,40,18,66,45,3
24,51,34,24,13,30,40,27,48,23,3
26,72,35,33,19,24,33,16,62,33,3
16,34,41,25,17,45,25,22,31,30,3
23,75,39,33,23,52,24,28,58,24,3
23,54,47,34,26,55,12,24,41,21,3
12,40,39,28,23,43,36,27,42,23,3
23,55,36,27,19,37,24,17,37,26,3
20,63,32,27,17,59,21,19,40,32,3
27,71,37,26,17,64,29,17,35,30,3
24,86,32,52,14,34,30,19,72,37,3
33,57,31,26,17,39,30,23,45,28,3
25,51,43,31,27,34,31,20,46,26,3
13,32,14,23,16,10,31,26,47,19,3
20,54,31,22,6,36,28,27,34,26,3
15,41,49,20,18,46,23,34,41,28,3
28,61,28,27,18,67,19,25,43,23,3
20,65,32,15,11,37,16,23,33,27,3
20,74,33,37,19,23,32,22,70,27,3
17,82,39,48,17,35,36,17,64,43,3
20,61,35,29,9,35,28,25,45,31,3
13,46,49,25,14,55,22,28,42,21,3
20,75,32,20,9,44,15,19,45,22,3
19,65,34,33,10,27,30,15,44,28,3
21,46,28,19,14,40,33,28,31,31,3
26,80,26,43,12,40,36,15,70,34,3
23,89,32,44,11,38,33,17,69,29,3
31,59,40,29,8,34,20,20,39,28,3
26,72,35,28,16,51,37,28,55,19,3
12,46,34,17,21,28,30,24,41,24,3
22,88,32,46,16,35,27,23,64,31,3
22,56,28,30,9,26,25,26,44,27,3
23,76,26,44,18,34,31,20,58,42,3
25,67,33,31,23,66,24,27,46,35,3
17,45,35,17,19,29,29,31,37,21,3
22,47,33,37,12,30,23,20,47,29,3
7,37,27,16,24,27,33,34,34,18,3
34,48,48,25,18,37,40,19,50,36,3
15,40,36,26,22,33,24,19,30,21,3
16,85,24,22,10,51,20,18,63,22,3
27,64,31,26,21,58,24,24,43,31,3
13,54,38,29,23,41,33,25,43,27,3
43,51,46,27,18,38,33,23,48,30,3
12,51,36,33,14,42,31,24,45,18,3
7,26,23,12,12,9,23,19,44,27,3
19,61,33,24,11,33,21,15,42,28,3
22,57,21,30,17,33,20,19,51,21,3
22,49,28,20,19,47,37,29,29,28,3
13,75,30,26,12,45,13,25,45,17,3
17,47,45,28,23,56,36,22,31,24,3
17,61,18,14,14,53,23,23,45,16,3
28,50,34,12,24,27,36,19,43,24,3
14,32,38,22,11,38,34,17,40,35,3
18,74,25,25,18,40,14,26,60,12,3
12,41,34,16,15,31,26,20,26,22,3
38,65,52,31,16,48,33,18,56,27,3
22,82,42,43,13,34,25,18,68,48,3
17,83,31,27,20,60,23,21,58,19,3
27,52,54,25,20,40,29,27,48,23,3
15,34,28,19,17,30,36,26,27,24,3
17,80,29,25,22,48,21,21,57,23,3
17,36,30,25,28,48,40,19,27,33,3
26,57,28,21,12,48,19,23,33,22,3
15,47,46,20,16,44,41,18,32,20,3
15,55,37,18,13,44,33,25,34,27,3
37,61,41,24,12,34,34,25,44,31,3
30,52,39,27,21,39,19,23,60,24,3
21,79,27,46,18,27,37,20,74,36,3
23,73,34,22,9,46,26,17,65,27,3
22,52,32,21,17,52,19,14,29,21,3
23,46,46,25,13,36,30,23,51,27,3
27,66,32,22,19,64,25,17,48,30,3
20,66,40,27,13,66,20,28,43,23,3
15,42,40,18,22,37,24,21,35,23,3
14,58,28,30,21,46,19,13,54,23,3
25,64,39,30,10,42,30,16,60,32,3
23,55,54,29,16,43,34,19,44,29,3
15,64,39,30,15,40,30,25,50,27,3
14,30,40,24,28,39,28,28,37,26,3
26,72,41,22,12,55,11,28,40,26,3
14,50,33,18,32,30,23,28,40,31,3
34,49,28,32,16,64,25,17,42,35,3
23,92,27,57,19,36,31,18,64,51,3
11,33,24,20,14,17,24,20,41,20,3
28,39,48,25,16,26,38,20,42,35,3
28,72,35,29,20,33,28,16,65,33,3
28,54,32,39,14,30,30,17,41,33,3
24,58,22,27,10,33,22,16,40,23,3
23,54,37,38,18,38,31,13,51,36,3
22,39,59,24,8,39,37,24,48,41,3
22,79,37,28,18,57,27,20,67,31,3
19,74,38,28,17,49,16,21,46,24,3
25,71,32,32,15,42,28,21,55,23,3
23,78,33,38,22,75,30,25,43,26,3
29,70,33,26,19,45,29,23,68,25,3
15,67,27,24,19,32,21,23,50,21,3
13,39,38,22,20,37,32,13,23,24,3
16,47,48,28,23,33,31,19,34,19,3
34,57,62,27,11,43,29,21,44,33,3
17,44,37,22,26,37,40,22,33,21,3
19,33,36,23,24,38,24,30,32,23,3
14,37,43,17,22,41,25,22,26,24,3
37,67,31,26,16,45,39,23,66,35,3
35,63,51,33,17,46,32,24,55,35,3
18,76,42,49,13,34,26,23,63,40,3
19,62,31,33,11,34,30,13,40,32,3
27,64,33,27,12,38,20,23,44,24,3
17,53,28,22,19,39,31,22,42,34,3
20,80,39,42,9,34,36,20,68,34,3
30,63,47,17,18,40,26,28,59,20,3
30,89,28,49,16,28,30,14,82,39,3
24,50,46,28,8,64,17,27,39,15,3
26,72,34,30,12,60,15,20,51,23,3
44,56,40,23,20,42,32,23,48,34,3
12,27,20,17,17,14,33,18,47,19,3
15,62,43,24,11,49,14,20,38,31,3
14,43,30,22,18,49,23,30,44,16,3
39,67,53,35,9,50,35,21,54,22,3
16,63,28,17,14,36,12,22,51,23,3
24,71,22,27,22,55,29,17,40,21,3
16,38,27,22,19,28,21,27,47,20,3
17,41,40,14,18,45,34,28,28,26,3
31,69,30,29,12,48,29,16,58,26,3
34,56,46,32,13,52,25,21,48,27,3
34,71,35,30,18,42,28,22,75,26,3
16,43,45,26,11,57,34,29,42,16,3
19,81,32,46,16,18,33,14,74,29,3
26,59,42,22,8,37,31,21,44,30,3
16,37,33,25,19,30,40,21,39,23,3
27,48,51,19,19,52,17,20,44,22,3
19,64,41,41,20,47,22,24,60,25,3
19,60,48,31,14,52,33,25,50,20,3
26,45,63,23,18,35,36,20,45,29,3
21,69,24,21,15,47,14,20,49,12,3
11,43,40,20,15,41,44,21,31,23,3
16,26,23,19,22,12,20,26,42,17,3
20,48,45,20,26,46,16,24,39,26,3
17,57,23,26,11,56,24,14,48,31,3
33,57,22,32,14,65,32,22,46,29,3
19,82,29,45,12,44,39,18,78,42,3
24,41,45,26,12,38,29,23,32,32,3
14,64,42,24,16,46,26,28,44,25,3
10,28,22,23,23,12,30,23,51,27,3
21,57,33,33,12,34,23,28,41,41,3
16,45,40,22,21,40,26,18,34,28,3
22,56,40,36,10,68,18,15,42,23,3
19,62,46,21,5,65,17,27,33,25,3
12,54,36,16,14,46,19,32,48,30,3
9,26,19,22,17,14,27,25,42,35,3
25,56,27,35,17,31,26,19,43,30,3
20,39,48,30,25,37,38,21,35,29,3
21,57,35,15,11,48,15,28,40,18,3
15,71,28,21,7,41,16,16,41,23,3
11,42,48,13,30,41,38,17,24,25,3
12,42,36,14,23,45,31,23,35,24,3
19,45,36,28,12,43,35,22,40,27,3
51,62,48,38,13,36,35,22,52,23,3
26,41,50,23,21,39,33,27,43,33,3
16,39,36,18,23,33,22,29,25,20,3
16,66,28,24,17,58,27,25,42,26,3
26,61,30,25,17,44,28,25,54,37,3
15,69,31,15,15,40,18,24,44,26,3
19,51,42,15,21,44,33,25,34,25,3
37,51,54,27,15,43,43,23,45,34,3
27,72,32,51,15,39,32,19,75,49,3
25,87,37,41,11,35,33,21,74,39,3
18,29,42,20,15,49,31,25,44,31,3
8,29,22,16,14,9,24,17,51,28,3
17,41,39,21,19,45,34,19,38,25,3
20,68,30,19,17,58,29,25,54,22,3
20,38,39,16,26,37,23,22,29,28,3
25,80,26,25,10,65,26,26,46,31,3
19,34,27,14,34,38,27,26,41,22,3
22,71,34,23,17,76,25,21,66,26,3
23,66,37,16,18,56,19,26,38,19,3
18,66,29,29,24,47,24,35,58,30,3
17,51,41,22,10,37,31,40,38,31,3
30,60,44,29,12,42,27,14,42,32,3
21,59,33,18,14,43,18,30,30,22,3
27,78,42,29,18,64,19,20,49,39,3
24,62,29,34,20,45,34,22,65,29,3
22,35,38,15,18,47,35,29,44,27,3
25,81,36,52,16,35,38,17,75,38,3
18,76,30,48,15,31,40,17,58,39,3
8,27,22,19,17,15,24,18,51,23,3
22,59,31,24,19,47,26,14,52,30,3
43,52,57,35,17,44,25,21,52,32,3
13,27,18,29,15,18,28,26,52,33,3
42,64,55,26,9,48,39,18,49,22,3
30,69,35,31,17,46,36,15,54,25,3
20,37,41,27,13,44,38,23,46,36,3
23,74,31,48,16,29,28,12,61,41,3
28,50,39,26,15,37,33,18,43,25,3
18,34,46,21,16,28,35,21,40,39,3
13,34,19,17,25,12,29,21,53,24,3
10,71,29,21,14,44,29,19,58,19,3
19,78,31,28,16,60,19,19,55,23,3
32,75,29,28,12,59,35,25,49,30,3
29,61,38,29,11,64,11,26,34,23,3
25,61,34,27,17,46,26,26,58,28,3
14,71,24,19,15,44,30,26,51,26,3
11,29,20,25,13,14,25,17,55,26,3
23,80,29,38,16,28,28,19,69,26,3
21,58,46,34,20,57,17,20,47,14,3
18,45,50,26,12,45,25,26,41,24,3
12,38,19,30,23,30,21,28,32,25,3
22,48,27,33,8,28,23,22,38,23,3
22,76,32,33,16,35,39,15,66,41,3
11,50,46,26,15,46,33,26,42,23,3
27,70,33,25,20,53,20,14,53,29,3
23,70,27,17,19,54,21,30,43,29,3
13,44,41,23,24,44,34,17,35,19,3
22,32,38,28,23,39,38,24,34,43,3
15,41,38,14,26,38,36,26,39,25,3
17,35,31,25,28,35,26,27,38,17,3
14,59,29,23,28,41,22,18,50,23,3
11,19,16,14,24,15,27,17,43,29,3
12,47,37,23,9,41,25,25,51,19,3
24,73,40,48,16,28,27,19,67,38,3
12,39,31,26,24,37,34,30,33,21,3
19,57,38,34,22,33,24,20,55,28,3
22,58,42,29,8,51,34,25,48,23,3
31,50,36,21,16,35,23,27,40,25,3
15,44,38,24,20,46,18,21,43,22,3
30,78,38,31,17,77,24,14,43,29,3
24,56,30,38,22,60,24,27,40,29,3
13,46,34,23,16,40,39,18,32,36,3
34,46,36,23,14,40,37,23,44,21,3
18,64,41,26,16,51,11,19,52,28,3
22,57,35,35,14,32,33,22,44,37,3
24,62,33,25,11,61,15,32,43,25,3
14,24,42,22,14,42,32,20,42,26,3
12,39,25,11,16,38,38,21,35,21,3
23,56,40,26,17,31,32,21,49,29,3
11,83,25,22,15,39,28,21,41,26,3
8,34,18,20,9,18,35,22,52,29,3
16,47,41,27,10,45,25,28,34,21,3
13,48,34,21,17,45,33,19,30,18,3
30,60,28,33,11,31,31,21,46,20,3
25,60,28,36,19,58,30,20,38,30,3
16,43,44,21,19,27,31,22,29,21,3
12,46,44,15,20,44,18,22,44,29,3
19,61,42,20,24,43,14,23,40,35,3
15,48,32,26,13,41,21,34,39,24,3
14,41,29,24,18,39,21,21,41,26,3
19,55,29,25,22,45,27,19,58,14,3
27,66,33,28,27,42,32,20,65,27,3
26,63,48,23,10,42,29,27,48,32,3
14,45,33,21,24,38,15,21,43,27,3
11,50,40,22,18,37,19,27,40,27,3
10,41,34,14,31,32,28,20,30,24,3
40,47,46,23,12,39,36,25,35,33,3
8,36,23,18,20,14,32,17,44,23,3
14,22,14,14,21,18,26,14,52,24,3
22,54,35,27,16,44,16,26,36,26,3
30,54,47,20,11,61,21,21,46,33,3
34,63,50,28,6,38,29,23,43,38,3
19,54,30,17,13,54,17,28,35,21,3
23,82,31,42,15,33,24,16,66,40,3
14,43,37,27,12,42,28,21,36,22,3
41,63,53,26,11,47,29,26,43,34,3
12,50,32,17,25,43,35,27,30,23,3
20,46,45,27,17,44,20,38,43,28,3
23,53,40,26,14,27,31,21,42,19,3
30,48,33,27,16,26,26,30,44,25,3
25,63,29,33,16,53,21,19,47,27,3
12,48,31,23,24,40,35,24,48,26,3
21,67,23,48,22,33,35,16,64,34,3
20,60,39,31,10,37,19,17,50,31,3
23,68,44,27,13,39,22,18,55,28,3
21,70,30,29,19,50,23,22,46,32,3
18,58,31,30,14,29,32,16,45,32,3
40,67,38,29,11,38,29,28,36,25,3
23,77,26,25,12,64,32,25,49,34,3
22,91,36,16,18,50,24,25,55,29,3
25,42,38,14,28,31,24,23,35,35,3
14,37,54,18,22,38,30,17,30,23,3
31,72,28,32,15,66,29,20,42,20,3
30,49,53,21,13,41,31,20,48,26,3
24,43,48,16,21,36,29,27,47,28,3
12,50,37,18,22,41,22,26,31,24,3
29,67,21,23,12,72,34,18,34,23,3
11,44,40,24,21,35,29,12,24,26,3
30,63,33,31,19,66,26,19,34,25,3
9,30,14,20,17,17,27,26,51,23,3
17,64,35,33,17,41,27,17,48,32,3
16,38,40,24,13,33,33,26,41,29,3
17,40,38,18,23,41,42,33,33,44,3
27,46,57,27,17,38,39,27,48,34,3
14,31,36,16,24,30,31,23,36,29,3
12,44,42,24,11,39,32,24,44,19,3
13,46,46,28,20,47,32,28,29,17,3
24,67,31,27,18,60,21,24,41,26,3
42,51,51,26,16,31,37,21,40,39,3
19,58,37,23,22,44,21,22,54,23,3
19,31,45,22,16,42,26,21,30,31,3
30,40,45,20,13,36,40,33,54,33,3
17,73,41,38,13,30,31,14,67,35,3
7,36,26,21,27,13,33,17,43,23,3
35,41,47,21,14,34,35,27,47,22,3
17,39,36,21,13,44,35,25,45,32,3
29,58,50,19,12,60,12,21,46,28,3
35,70,27,29,19,47,30,19,66,36,3
8,21,20,18,14,21,17,19,52,22,3
27,65,43,26,19,56,31,23,63,32,3
27,70,25,34,12,65,20,15,35,27,3
17,39,36,20,22,39,32,30,35,25,3
26,59,31,26,19,42,28,23,58,37,3
19,78,32,19,8,41,18,21,49,17,3
19,67,45,27,9,54,24,19,49,21,3
13,33,21,18,21,14,25,22,32,32,3
29,79,34,32,14,35,40,22,64,42,3
35,45,47,19,18,37,36,21,53,30,3
29,43,51,22,22,38,36,18,35,23,3
16,41,22,16,22,30,30,38,37,20,3
24,40,45,25,16,34,41,21,50,30,3
20,54,37,19,17,51,17,18,42,19,3
17,63,43,24,5,54,18,25,46,17,3
22,40,53,34,13,36,29,28,39,32,3
23,56,50,29,18,50,17,20,34,23,3
17,36,39,18,14,41,32,25,40,34,3
24,51,29,29,14,26,27,26,46,29,3
39,44,51,26,16,39,35,17,48,31,3
29,81,34,28,16,65,34,20,46,28,3
44,67,52,32,13,53,29,28,45,38,3
37,54,44,27,11,44,34,17,41,31,3
24,51,37,25,18,25,22,21,47,20,3
16,42,32,21,20,42,26,24,28,33,3
12,21,25,19,15,17,31,19,41,23,3
8,37,44,25,26,44,26,17,44,35,3
20,37,37,18,24,41,26,26,34,30,3
12,38,30,24,26,31,35,25,36,19,3
23,55,32,25,11,48,11,16,37,29,3
21,60,30,27,19,41,32,25,52,30,3
14,53,30,25,10,37,25,29,46,18,3
28,36,48,24,18,32,30,31,45,25,3
14,40,45,23,19,44,35,30,51,28,3
26,90,34,45,21,26,37,23,64,40,3
17,67,32,23,18,75,25,20,47,34,3
26,52,58,28,22,43,38,19,40,41,3
16,59,38,25,15,49,28,17,41,16,3
19,34,29,30,12,29,40,25,51,27,3
24,67,39,24,9,69,20,22,46,28,3
19,34,38,24,20,47,40,32,38,27,3
20,53,32,32,13,43,17,22,43,19,3
13,42,37,27,17,36,23,26,49,26,3
18,41,30,20,24,42,28,26,35,31,3
34,53,30,25,16,38,29,23,38,34,3
16,42,39,18,14,42,43,27,59,30,3
26,98,35,35,14,38,38,16,79,36,3
10,38,36,24,26,49,22,35,47,15,3
30,53,32,21,9,58,21,25,41,22,3
18,59,39,23,11,46,16,12,40,25,3
11,49,45,30,16,43,31,27,33,24,3
25,68,26,34,20,68,35,22,43,21,3
34,53,35,27,17,50,26,20,47,30,3
25,67,28,36,10,37,27,18,45,37,3
17,51,36,23,13,46,36,32,46,21,3
30,71,33,29,17,42,38,19,63,34,3
10,37,35,25,18,33,29,20,33,29,3
25,70,30,30,10,42,37,23,61,29,3
24,81,29,22,20,52,27,13,58,23,3
9,25,17,15,21,16,29,14,55,32,3
16,48,43,20,16,51,36,28,33,28,3
9,28,21,15,16,14,26,23,37,25,3
18,40,29,14,16,37,35,23,20,23,3
23,42,51,23,15,30,30,24,50,29,3
20,72,34,38,17,60,20,20,52,32,3
15,45,42,22,14,41,15,20,45,23,3
21,54,31,12,18,48,25,23,51,26,3
15,32,15,14,23,10,31,24,43,25,3
17,38,28,19,14,35,39,29,41,25,3
33,53,40,33,14,35,31,24,38,35,3
18,36,30,27,28,51,32,19,32,33,3
11,40,38,22,22,46,41,16,34,32,3
11,30,19,19,17,20,29,26,49,27,3
27,83,35,42,14,36,36,23,63,39,3
15,43,32,19,20,42,32,17,35,12,3
9,36,25,15,17,17,25,18,57,24,3
15,31,37,30,22,37,23,20,31,30,3
21,36,49,25,17,31,35,25,44,24,3
10,35,29,19,20,48,31,30,44,31,3
25,68,27,23,13,60,18,37,65,26,3
26,51,46,24,14,34,35,31,37,33,3
16,71,36,21,14,46,27,17,67,38,3
24,35,51,27,14,41,31,22,42,26,3
16,39,38,26,17,40,32,21,43,39,3
14,30,19,22,14,21,26,22,46,31,3
17,36,27,20,24,40,30,17,29,26,3
13,69,26,20,18,41,24,22,46,29,3
7,31,20,23,17,18,36,20,56,21,3
10,32,21,15,27,9,28,23,57,24,3
24,72,45,30,11,33,29,12,51,30,3
18,66,42,27,17,61,22,23,42,18,3
13,52,53,26,19,50,16,19,52,33,3
20,55,22,20,14,44,11,18,43,24,3
12,26,19,24,23,18,33,25,43,26,3
23,91,29,40,17,35,28,23,80,44,3
20,41,55,25,11,32,42,19,45,34,3
25,60,31,33,12,36,26,20,42,31,3
17,56,38,29,17,60,18,19,39,21,3
16,50,28,28,7,34,27,18,36,31,3
28,70,23,36,13,57,28,24,40,28,3
20,44,41,26,16,40,24,30,40,19,3
20,66,35,37,16,36,38,16,58,36,3
30,51,42,33,18,55,17,21,48,14,3
15,53,45,26,17,42,42,18,39,27,3
10,52,32,21,23,39,32,22,41,34,3
14,70,38,20,24,52,20,21,59,26,3
10,24,27,19,20,14,23,24,48,19,3
18,63,36,38,23,56,27,18,37,35,3
27,54,46,24,15,60,20,20,42,22,3
26,59,43,29,16,69,20,16,45,22,3
17,48,34,31,9,25,23,16,46,31,3
14,48,24,22,25,34,24,29,36,18,3
24,54,56,24,22,34,32,20,39,29,3
19,73,30,48,11,35,34,19,57,36,3
19,65,24,21,25,34,14,23,47,22,3
21,27,42,27,24,55,21,22,28,29,3
15,43,23,23,23,37,28,26,30,27,3
18,62,42,29,21,38,25,18,47,37,3
9,60,42,24,19,40,27,25,35,19,3
16,46,34,28,12,37,33,16,50,27,3
23,56,29,34,18,56,26,19,35,19,3
35,57,56,24,23,37,37,25,51,19,3
15,43,41,22,18,35,29,24,29,22,3
22,50,38,22,16,45,18,19,36,24,3
18,53,40,26,14,35,44,34,46,31,3
23,40,61,27,18,40,37,23,42,30,3
11,42,38,23,32,39,31,23,34,30,3
25,76,37,26,18,51,24,25,66,33,3
33,58,44,33,13,38,23,18,45,30,3
27,56,24,29,14,52,17,25,39,21,3
32,71,23,28,14,60,17,15,39,27,3
27,82,26,29,27,49,21,27,67,22,3
11,43,43,20,19,28,30,22,33,20,3
20,85,39,41,16,37,34,16,63,38,3
15,66,33,17,11,46,23,20,49,26,3
19,50,49,30,7,52,22,20,45,15,3
13,56,30,20,18,41,16,18,44,19,3
36,61,48,29,14,53,32,18,47,32,3
28,52,47,25,17,42,37,31,43,33,3
17,35,38,28,27,43,30,22,40,31,3
18,43,39,16,20,38,20,28,31,27,3
18,76,24,22,12,54,18,19,50,17,3
23,56,36,24,12,40,26,20,33,27,3
16,45,35,22,6,42,29,28,42,26,3
25,52,21,20,7,34,20,18,46,29,3
20,39,36,23,20,45,30,20,34,27,3
14,30,18,19,24,17,19,24,45,28,3
30,74,39,31,23,70,27,27,43,33,3
64,39,29,42,24,23,35,43,29,45,1
51,25,22,45,31,25,39,27,21,49,1
56,32,25,29,27,25,33,39,24,38,1
76,35,30,35,34,28,33,38,26,52,1
66,21,23,31,31,27,38,51,36,27,1
71,31,34,34,28,29,41,34,24,66,1
46,27,25,45,33,30,36,28,23,55,1
48,25,14,36,33,31,47,29,26,54,1
54,30,22,50,30,25,38,37,26,46,1
65,22,21,24,23,28,36,52,50,31,1
50,36,17,39,41,26,41,30,21,64,1
70,32,34,45,31,31,47,46,30,53,1
56,30,24,33,21,24,30,37,18,45,1
53,26,17,24,21,24,25,36,37,25,1
72,25,26,32,33,37,46,33,24,52,1
61,35,25,46,28,27,36,28,24,58,1
51,29,17,40,20,28,22,37,19,37,1
56,25,19,26,21,19,15,36,34,33,1
69,36,31,34,34,26,48,48,26,64,1
57,23,29,34,21,25,26,47,47,32,1
66,33,29,39,28,29,35,44,28,51,1
65,29,26,44,22,19,46,41,23,47,1
57,36,16,27,25,28,30,33,21,39,1
56,26,30,39,15,33,40,39,19,42,1
61,30,26,43,21,26,34,44,19,50,1
66,34,16,23,22,33,40,39,20,39,1
53,31,21,22,26,23,23,45,36,27,1
73,35,28,27,16,30,48,31,23,61,1
58,24,27,39,17,21,37,39,25,43,1
63,31,24,30,18,30,30,37,20,39,1
66,36,24,51,34,26,50,46,31,51,1
68,27,33,58,40,32,39,59,30,48,1
60,38,28,42,29,31,54,31,18,47,1
75,31,41,50,31,32,45,58,32,56,1
57,23,27,23,24,23,30,33,42,24,1
67,28,28,42,22,24,42,40,20,42,1
65,31,24,35,20,33,30,40,31,34,1
67,28,21,32,15,28,32,33,23,36,1
58,36,28,23,28,25,34,30,25,54,1
55,26,24,23,20,28,22,30,39,25,1
61,32,31,43,24,29,22,47,26,47,1
60,30,30,35,34,22,28,27,22,51,1
52,43,21,47,27,23,40,40,23,45,1
62,27,24,27,29,26,37,39,39,26,1
50,24,22,45,33,35,37,28,20,54,1
54,43,22,41,28,26,36,43,30,59,1
59,22,20,44,34,26,37,32,21,66,1
57,33,22,47,36,28,40,27,19,52,1
57,23,23,33,27,29,37,33,36,29,1
55,33,18,25,17,23,27,35,41,36,1
45,26,19,24,22,24,24,40,36,22,1
54,27,21,21,27,27,36,38,38,39,1
66,30,22,27,22,26,38,38,21,45,1
52,39,22,31,28,25,32,41,26,38,1
69,34,26,45,25,19,30,43,22,45,1
67,30,20,24,26,29,28,43,20,40,1
70,25,20,28,25,25,39,42,29,37,1
63,25,20,21,23,23,25,35,34,22,1
47,25,19,33,25,25,36,35,37,30,1
54,29,26,34,29,35,37,27,18,54,1
49,24,27,34,25,24,30,39,23,36,1
64,25,19,29,25,21,39,35,22,42,1
59,27,30,40,29,30,34,24,22,60,1
66,35,28,51,32,27,42,44,33,53,1
68,31,28,45,33,32,39,50,25,51,1
60,34,31,36,25,26,31,34,25,53,1
50,30,17,24,22,21,24,35,38,30,1
47,28,19,29,25,22,28,38,40,36,1
66,37,20,26,19,26,41,39,26,44,1
59,24,33,48,29,20,34,56,28,39,1
54,21,22,29,26,23,33,37,23,38,1
55,27,21,24,28,31,44,35,25,60,1
65,25,22,31,27,26,45,31,23,58,1
57,39,21,38,21,31,34,38,24,38,1
52,29,22,28,17,24,26,39,35,32,1
70,32,23,43,26,25,42,39,26,39,1
53,31,22,48,31,31,41,27,16,56,1
55,28,25,46,31,35,30,25,24,52,1
58,38,22,34,34,34,43,33,13,57,1
80,24,41,58,31,28,45,36,32,46,1
50,23,24,22,21,21,26,44,27,33,1
62,28,27,23,19,19,34,39,29,28,1
68,33,33,34,37,26,38,44,41,60,1
55,32,27,39,27,25,38,40,31,50,1
58,34,20,37,27,32,41,32,23,56,1
50,34,16,26,22,26,33,39,17,40,1
51,34,17,31,23,26,36,39,20,37,1
64,31,43,41,32,26,43,64,26,56,1
49,22,19,26,30,21,24,29,33,32,1
54,33,23,45,33,35,44,32,23,74,1
59,23,26,33,16,24,28,33,38,29,1
56,25,17,33,24,23,33,39,26,46,1
58,22,18,19,19,24,19,37,36,36,1
59,31,28,41,39,28,43,25,24,60,1
56,23,23,29,28,27,40,33,39,31,1
63,13,22,38,18,26,27,43,41,27,1
65,33,19,38,23,21,26,36,23,40,1
55,19,20,35,24,21,39,43,32,31,1
75,31,21,36,22,28,34,41,30,37,1
54,22,24,34,29,27,34,33,21,55,1
59,30,27,42,26,28,42,39,23,52,1
67,29,28,24,27,30,33,38,29,37,1
51,31,22,42,27,28,32,24,20,58,1
65,33,23,33,19,27,25,36,17,39,1
51,40,17,32,21,21,26,33,17,32,1
67,30,16,22,28,26,28,38,19,40,1
57,27,25,22,26,21,19,47,31,34,1
47,37,19,43,27,27,45,37,18,37,1
54,20,22,33,29,29,33,36,34,31,1
55,30,24,47,30,26,35,47,29,59,1
48,26,29,26,24,28,33,47,36,27,1
68,28,23,26,26,28,24,37,23,46,1
59,33,16,28,22,33,33,32,34,39,1
59,28,18,33,28,29,31,28,22,62,1
63,23,23,31,30,27,34,38,19,50,1
54,31,28,29,23,33,36,28,22,31,1
61,30,21,27,23,21,40,50,38,30,1
70,38,25,39,38,30,49,33,27,58,1
47,28,14,30,21,22,23,36,34,20,1
69,20,29,33,30,25,33,41,50,21,1
58,30,21,39,28,38,55,26,32,59,1
54,38,28,42,27,26,35,45,25,55,1
54,26,22,47,24,27,33,37,22,43,1
51,28,29,27,30,28,28,35,42,17,1
64,28,19,38,34,31,37,35,24,60,1
55,36,21,24,21,32,38,44,25,40,1
76,31,23,31,21,27,37,35,24,48,1
67,30,21,41,26,26,33,42,23,54,1
60,30,21,33,24,27,31,34,23,40,1
62,32,23,30,32,30,31,29,27,48,1
59,27,18,24,23,21,24,42,35,35,1
43,32,27,29,28,30,35,34,19,33,1
57,32,26,35,20,25,31,39,21,45,1
72,28,22,28,22,23,53,46,27,41,1
75,43,32,47,26,32,40,47,24,45,1
67,41,29,46,37,23,40,36,32,46,1
68,42,35,40,33,22,49,43,23,54,1
70,36,26,41,34,29,51,46,28,47,1
58,23,18,20,26,26,27,30,40,26,1
70,30,41,35,26,34,40,29,30,48,1
57,30,14,33,23,26,22,30,33,28,1
55,29,25,33,24,26,33,38,25,42,1
71,39,25,43,19,25,46,47,27,58,1
52,32,25,47,31,22,36,51,40,61,1
49,28,26,39,31,29,49,29,23,53,1
58,33,29,31,25,24,34,44,25,47,1
54,27,18,23,25,19,24,28,35,26,1
64,24,25,29,20,21,41,49,44,32,1
49,28,20,25,29,24,31,26,20,53,1
44,37,22,40,22,25,39,38,26,40,1
51,24,14,23,24,23,28,34,31,21,1
75,32,25,39,25,26,33,33,26,47,1
55,34,25,37,33,33,38,26,25,56,1
63,35,34,31,34,28,48,46,31,70,1
64,23,24,21,25,25,29,38,42,33,1
52,33,23,39,33,33,46,29,18,55,1
52,33,18,38,23,25,40,31,22,56,1
58,38,21,34,20,29,39,40,26,37,1
59,26,19,39,23,29,42,44,37,25,1
53,32,22,18,24,23,37,41,34,41,1
59,36,18,23,26,26,25,40,19,38,1
66,30,34,39,38,27,38,48,26,44,1
65,33,38,48,33,32,39,47,25,51,1
53,24,22,41,24,31,34,35,20,57,1
40,25,20,36,24,26,34,36,42,32,1
52,33,32,41,34,24,37,51,30,47,1
60,27,32,34,19,27,37,39,43,32,1
58,31,27,40,30,33,39,30,26,57,1
60,26,22,45,26,28,48,54,31,40,1
76,39,20,49,34,28,45,52,34,57,1
53,22,29,24,22,22,28,25,25,26,1
58,31,23,28,22,28,32,41,23,47,1
67,34,20,29,30,25,37,25,25,57,1
56,32,30,49,30,27,40,42,29,45,1
52,39,23,33,27,26,41,27,19,53,1
64,33,39,35,23,35,42,30,25,57,1
53,20,27,24,29,34,39,54,50,19,1
58,36,21,30,22,29,38,38,20,26,1
61,33,28,40,28,27,30,27,22,51,1
53,25,21,20,23,21,24,46,29,26,1
61,27,17,24,26,22,22,37,33,28,1
52,36,21,23,23,26,48,41,20,47,1
61,27,23,42,27,30,49,32,26,54,1
57,24,21,26,21,26,33,33,36,30,1
64,25,21,48,41,29,36,35,19,53,1
57,35,28,40,35,24,39,29,19,58,1
61,26,17,24,24,29,32,44,28,48,1
65,35,29,48,33,30,35,32,26,61,1
60,31,28,34,33,35,36,29,26,66,1
55,35,31,36,32,39,43,25,21,52,1
61,29,25,21,22,28,33,38,25,38,1
51,28,22,48,25,32,35,27,24,51,1
57,42,29,28,23,29,34,41,22,49,1
62,41,29,39,36,22,44,27,17,53,1
64,27,22,16,32,25,31,47,38,22,1
60,34,29,39,26,26,44,25,25,57,1
61,40,29,42,31,26,30,37,33,34,1
58,36,31,39,37,34,33,32,24,60,1
44,42,22,37,20,27,29,39,30,41,1
56,37,25,45,25,34,45,34,26,59,1
48,38,25,40,37,35,35,31,28,54,1
53,22,24,28,24,23,26,29,36,29,1
63,36,15,30,17,19,22,44,34,35,1
53,28,21,32,22,20,25,29,31,30,1
47,22,21,26,29,25,22,32,37,25,1
54,20,21,27,19,17,22,37,40,32,1
62,24,21,36,39,37,54,37,33,62,1
72,34,34,41,32,31,32,45,31,64,1
61,40,32,40,39,32,46,28,22,58,1
66,27,23,31,18,26,29,40,20,40,1
52,27,20,19,20,23,22,40,36,28,1
53,28,26,35,37,37,45,37,21,61,1
52,31,27,49,18,26,35,35,21,41,1
50,31,25,46,32,27,44,30,25,51,1
59,41,20,24,24,22,40,39,21,37,1
83,27,37,37,32,40,40,41,24,56,1
64,30,28,34,26,32,32,29,25,51,1
69,36,21,40,24,27,26,50,33,47,1
56,39,23,39,31,35,39,27,21,55,1
59,31,33,40,22,23,41,42,24,48,1
77,49,32,38,31,27,39,47,30,60,1
67,32,28,42,20,21,43,49,25,40,1
55,25,18,24,17,25,32,38,34,34,1
58,36,27,41,33,28,40,34,23,59,1
55,35,22,40,20,21,28,35,19,40,1
52,26,18,36,19,24,34,34,25,38,1
56,39,24,47,26,32,44,50,22,48,1
61,38,30,50,41,28,27,50,29,44,1
73,26,34,41,35,34,41,38,32,58,1
58,30,25,38,32,23,35,40,23,49,1
69,27,35,32,34,29,38,31,22,51,1
61,27,21,33,27,25,44,29,21,58,1
58,27,23,23,23,28,36,39,37,34,1
61,40,26,36,28,34,34,32,18,50,1
60,40,37,42,32,24,37,50,26,49,1
59,25,25,30,19,21,23,38,18,27,1
55,33,25,24,29,22,40,33,20,57,1
56,35,26,35,26,28,56,48,24,43,1
69,40,25,45,33,26,39,43,31,53,1
64,31,28,46,24,32,43,42,21,46,1
67,23,18,16,21,23,38,39,42,38,1
60,34,28,24,34,28,45,25,18,61,1
55,32,24,16,16,27,26,30,43,34,1
63,28,27,35,32,31,28,32,26,51,1
54,26,18,26,26,18,29,36,35,22,1
46,28,19,25,29,26,21,28,39,19,1
70,40,28,50,26,27,33,52,26,56,1
56,31,20,37,37,41,37,32,24,52,1
44,32,13,25,22,21,30,35,16,31,1
73,30,33,44,26,33,44,51,30,57,1
57,22,18,27,20,27,18,37,35,30,1
41,36,22,53,29,29,32,22,21,60,1
61,34,28,41,38,30,48,26,24,65,1
70,33,24,31,16,33,49,38,41,28,1
49,37,22,40,34,34,37,42,26,49,1
61,28,32,51,33,28,46,57,31,54,1
68,42,23,44,32,22,48,45,31,48,1
65,28,17,29,19,19,30,33,37,26,1
60,36,25,46,27,25,43,45,29,51,1
61,25,24,23,33,27,31,44,37,23,1
55,29,18,41,23,24,40,32,23,47,1
46,32,22,24,29,24,21,34,29,24,1
63,35,34,35,36,23,46,51,27,60,1
60,24,22,28,31,26,49,47,36,27,1
48,32,22,36,33,26,43,38,23,66,1
70,36,24,24,24,27,32,43,31,29,1
57,31,17,40,28,29,47,48,25,41,1
62,30,27,34,24,34,35,27,21,56,1
59,37,22,39,23,22,44,23,19,50,1
70,36,28,48,37,24,42,39,33,55,1
59,27,24,29,24,25,34,36,27,29,1
62,36,27,48,31,32,51,50,37,43,1
50,39,16,32,27,26,44,39,17,35,1
63,36,24,30,26,31,33,36,21,43,1
54,39,21,19,23,32,26,30,18,35,1
54,36,27,44,29,30,31,39,23,57,1
60,36,33,26,24,35,38,28,23,55,1
56,26,24,34,29,28,31,44,28,40,1
46,37,22,42,29,36,42,26,17,57,1
59,42,29,50,31,38,45,46,26,58,1
75,32,37,38,33,29,38,60,33,51,1
57,23,24,29,17,32,40,31,21,31,1
51,29,20,25,28,23,32,41,42,29,1
60,23,21,18,28,27,36,43,31,34,1
65,30,27,55,28,26,47,43,23,66,1
55,28,27,28,20,23,34,49,37,32,1
55,26,27,39,38,28,39,38,18,58,1
76,34,32,40,22,24,38,60,26,55,1
57,34,22,31,24,24,41,41,31,45,1
67,33,29,43,33,39,45,32,25,53,1
66,41,24,40,38,31,33,44,27,48,1
57,28,24,26,27,26,37,35,38,35,1
55,32,26,31,30,26,33,24,21,55,1
52,23,31,33,35,32,33,26,23,55,1
49,24,19,24,19,25,35,36,34,23,1
67,34,27,39,31,27,39,48,31,59,1
63,33,15,31,17,26,37,42,22,39,1
61,39,33,41,22,36,50,35,28,61,1
54,31,20,39,27,25,30,29,24,46,1
67,35,28,35,36,19,35,42,30,47,1
73,36,30,42,27,25,34,40,29,47,1
58,29,21,32,25,32,42,22,25,62,1
73,35,30,40,31,28,27,55,32,45,1
65,37,23,38,21,30,34,43,43,25,1
66,34,24,28,24,27,47,38,22,43,1
52,37,19,37,22,26,31,37,19,41,1
54,24,24,41,19,31,34,36,29,42,1
53,24,20,22,23,23,27,34,37,20,1
50,28,20,29,32,29,38,26,23,48,1
62,29,26,31,27,27,37,44,39,32,1
65,29,25,42,21,28,29,40,21,37,1
72,43,30,37,26,31,44,45,29,63,1
51,29,18,34,30,33,39,36,22,43,1
58,29,32,44,38,26,35,40,23,52,1
45,30,16,26,20,30,24,31,17,34,1
61,39,20,49,18,32,34,26,18,61,1
61,30,22,30,26,25,21,37,43,24,1
70,31,22,28,28,26,49,40,30,42,1
58,33,24,29,20,32,38,34,21,52,1
61,43,28,47,29,33,44,33,33,53,1
73,29,29,54,36,27,42,44,29,41,1
61,36,20,32,26,25,35,40,31,37,1
44,31,20,31,18,23,41,30,40,38,1
52,32,14,21,37,25,22,34,44,20,1
50,29,17,36,28,27,42,39,22,41,1
65,23,28,24,22,27,27,34,35,25,1
66,34,27,42,30,33,45,50,26,54,1
65,36,32,48,32,24,46,49,24,50,1
74,29,28,39,25,32,38,56,26,40,1
66,40,21,46,27,34,37,36,28,53,1
58,35,18,21,24,28,35,42,26,41,1
57,31,20,31,20,27,26,33,23,37,1
71,28,32,49,36,29,39,54,26,57,1
55,23,29,40,20,24,42,28,23,70,1
54,29,21,34,29,27,34,31,23,55,1
55,25,23,24,23,20,24,28,37,32,1
68,32,25,29,23,33,37,33,24,45,1
59,28,19,23,17,28,28,30,40,20,1
46,28,18,49,32,30,28,30,24,49,1
67,47,27,46,35,28,38,44,35,53,1
46,27,21,29,26,28,22,28,39,23,1
56,23,19,26,19,19,18,28,27,28,1
52,29,27,37,38,35,43,26,22,64,1
60,37,23,40,26,24,29,42,25,38,1
54,31,28,41,25,25,41,35,22,38,1
59,27,30,35,35,31,36,31,24,48,1
62,42,28,53,29,27,39,49,33,58,1
52,33,21,34,29,28,37,24,26,53,1
58,33,28,45,22,25,32,35,26,52,1
60,27,24,57,33,36,37,43,29,65,1
52,34,21,44,22,23,36,33,24,37,1
55,29,23,43,26,26,24,26,22,41,1
51,32,16,36,23,27,38,31,17,52,1
44,31,23,26,21,21,46,40,22,41,1
66,33,23,34,26,24,29,49,29,45,1
66,26,24,18,18,22,39,38,37,28,1
71,36,31,41,21,19,46,44,23,70,1
72,48,35,42,26,29,36,43,33,51,1
58,26,19,28,30,31,46,36,25,62,1
50,28,21,38,30,29,31,24,19,46,1
48,31,25,31,29,35,34,22,24,56,1
52,30,15,25,27,24,32,34,30,32,1
55,25,22,26,21,28,35,30,37,30,1
66,40,32,49,29,29,29,55,31,54,1
69,43,29,53,29,27,36,45,32,58,1
57,38,30,41,33,27,40,46,30,48,1
53,33,28,32,26,22,23,43,40,28,1
61,32,21,19,31,22,25,43,38,30,1
68,32,29,37,31,27,38,49,31,58,1
56,27,23,34,34,35,42,36,29,54,1
67,32,25,30,39,27,37,27,21,52,1
53,28,19,33,30,26,32,44,34,34,1
50,32,21,43,22,26,33,47,31,55,1
59,41,19,27,23,29,55,43,21,50,1
60,31,15,22,23,24,22,39,38,29,1
56,31,20,36,37,29,42,30,27,57,1
70,34,19,36,21,26,34,40,25,40,1
72,32,22,29,23,29,45,42,24,42,1
66,30,28,44,31,31,40,30,24,58,1
66,36,29,40,32,24,32,41,28,50,1
62,26,29,39,30,20,35,39,27,54,1
67,34,20,28,23,36,40,38,31,39,1
50,26,19,33,26,22,28,37,34,27,1
52,32,17,42,32,30,34,29,23,60,1
48,29,17,43,24,25,27,38,18,39,1
42,21,28,43,26,31,31,38,23,61,1
68,29,17,28,25,21,38,44,42,29,1
63,27,19,26,27,24,31,34,36,25,1
60,31,19,34,35,23,27,38,39,36,1
70,22,31,26,32,27,40,45,33,31,1
64,42,25,37,33,33,47,34,32,65,1
40,35,20,45,32,31,34,24,24,53,1
75,25,24,34,19,31,35,38,28,45,1
52,22,20,40,20,24,22,35,16,41,1
58,33,28,44,35,17,47,53,29,44,1
81,28,36,53,30,26,48,53,29,48,1
54,30,16,41,20,20,35,39,17,41,1
67,29,29,45,36,25,33,58,28,51,1
48,35,19,36,31,25,40,22,19,52,1
46,22,17,22,17,26,20,36,32,30,1
63,26,21,23,22,33,24,34,25,49,1
56,23,21,17,27,24,36,42,30,26,1
57,23,24,29,35,30,37,24,19,50,1
63,39,30,31,22,28,36,38,22,46,1
56,31,25,31,24,26,33,31,23,41,1
64,30,30,46,33,28,38,45,34,53,1
64,37,28,47,34,26,39,48,34,51,1
56,20,16,13,26,25,26,32,29,29,1
62,31,26,36,23,32,43,48,33,54,1
69,32,34,33,18,22,36,31,23,52,1
76,35,21,27,25,34,43,55,28,44,1
66,26,17,33,23,27,46,37,20,65,1
66,35,23,33,15,23,32,37,20,43,1
60,38,28,48,32,23,44,44,31,46,1
61,27,18,27,23,20,27,32,32,22,1
56,22,23,25,28,26,33,55,29,32,1
52,39,25,42,34,31,38,35,25,70,1
65,40,36,44,33,25,42,42,27,54,1
63,34,28,38,30,28,37,49,29,50,1
70,30,24,30,21,29,33,36,25,43,1
51,28,21,39,26,26,39,34,14,47,1
63,37,30,39,23,37,35,46,30,63,1
63,19,20,23,22,24,23,38,31,37,1
55,34,22,20,25,21,26,29,36,29,1
52,27,26,27,22,27,41,38,38,23,1
57,39,24,21,23,30,28,34,22,42,1
53,32,22,52,21,28,32,37,31,43,1
62,39,26,44,32,18,49,46,25,44,1
55,27,30,48,22,31,31,24,22,57,1
57,37,29,37,21,30,35,26,26,64,1
71,39,38,47,27,27,46,72,26,55,1
61,33,30,31,32,26,38,45,28,58,1
60,30,22,31,17,23,44,33,24,42,1
59,30,31,29,17,31,47,30,29,58,1
58,43,19,36,40,31,50,41,24,36,1
70,30,29,47,25,33,33,43,28,47,1
70,36,29,33,28,30,51,36,23,54,1
65,26,25,41,22,25,29,45,29,52,1
69,33,26,45,28,23,43,46,36,58,1
59,38,19,35,27,21,32,38,24,43,1
50,35,26,38,30,35,40,34,31,55,1
51,31,21,32,14,28,25,35,38,31,1
49,20,13,28,21,29,22,37,34,23,1
48,33,26,20,26,28,29,34,28,34,1
58,25,20,25,19,26,26,39,31,21,1
63,32,35,39,24,31,41,45,20,59,1
53,37,28,37,22,31,37,38,25,38,1
59,30,28,41,39,25,39,36,31,48,1
69,43,22,45,25,25,36,42,27,50,1
64,43,30,38,36,25,39,45,30,52,1
53,29,24,30,28,24,30,37,40,32,1
65,32,22,38,20,29,40,47,24,38,1
56,27,29,26,20,21,37,29,40,28,1
56,19,21,28,27,25,26,41,34,28,1
65,37,19,43,19,27,36,41,22,37,1
69,34,32,42,33,29,42,54,27,61,1
77,44,33,43,26,26,38,52,24,55,1
52,28,26,42,28,30,32,28,20,48,1
63,29,22,48,25,35,31,38,29,57,1
66,37,19,34,23,27,34,41,20,54,1
56,40,36,39,25,24,34,48,32,55,1
66,35,24,32,19,25,32,37,22,43,1
52,27,23,39,29,34,39,23,23,53,1
62,27,23,29,25,21,34,42,44,28,1
56,29,19,37,16,29,28,39,27,42,1
53,31,21,26,32,23,35,34,41,33,1
71,36,30,43,37,24,39,26,25,55,1
60,23,31,35,26,37,36,25,23,60,1
69,27,29,27,20,28,30,51,44,33,1
57,29,29,39,23,28,27,33,33,45,1
65,33,31,33,24,32,40,36,28,56,1
53,36,25,23,18,32,26,36,23,35,1
63,35,25,41,29,28,37,49,26,49,1
70,32,28,42,27,25,45,60,25,67,1
60,34,20,29,29,28,47,42,20,34,1
68,28,25,39,28,27,42,41,28,50,1
62,36,27,31,40,26,52,37,27,66,1
57,30,26,35,36,27,46,36,31,49,1
63,30,22,23,25,29,49,36,25,40,1
57,21,23,25,21,20,26,37,29,34,1
76,43,29,51,33,24,34,41,28,54,1
58,31,19,26,21,26,33,37,39,17,1
55,38,20,36,28,30,35,47,34,48,1
67,46,26,50,35,25,37,47,28,42,1
53,23,18,25,21,23,20,40,36,31,1
46,37,28,41,30,35,51,32,27,69,1
57,28,28,33,27,25,43,44,31,47,1
58,36,23,28,18,30,31,26,22,49,1
67,22,20,25,34,28,38,43,37,22,1
64,33,30,50,32,32,51,47,24,49,1
68,36,31,42,31,22,38,50,27,49,1
82,32,35,38,27,27,39,49,34,70,1
54,37,20,27,28,25,29,42,21,31,1
66,28,31,41,34,20,30,41,32,35,1
64,35,31,30,32,33,37,27,26,59,1
44,43,18,31,19,22,35,33,21,41,1
54,32,24,45,20,20,38,39,22,39,1
56,36,24,39,19,29,54,38,18,55,1
53,25,22,26,17,21,30,38,42,41,1
54,27,22,30,20,28,29,37,20,42,1
59,30,17,21,22,29,38,41,21,41,1
67,39,34,46,28,26,41,58,29,59,1
49,24,25,30,24,21,22,35,36,26,1
56,20,18,30,20,20,24,39,35,26,1
49,28,19,33,25,30,32,26,21,52,1
58,22,21,37,23,36,26,32,28,41,1
68,29,27,26,23,23,26,33,34,28,1
56,22,13,23,23,29,20,43,29,27,1
60,28,25,38,26,23,38,47,32,48,1
75,36,31,46,26,32,46,44,25,61,1
56,42,26,31,33,29,29,39,32,54,1
57,33,26,44,26,23,39,42,23,36,1
63,33,28,43,27,25,32,46,27,42,1
62,30,27,32,26,22,44,40,35,67,1
59,29,25,50,35,21,40,42,32,45,1
48,25,32,33,26,30,38,33,22,58,1
57,28,17,22,26,26,36,36,34,21,1
51,29,26,45,26,26,35,33,18,58,1
70,36,24,36,24,23,45,40,29,40,1
62,27,15,26,20,24,27,46,32,24,1
63,24,22,24,23,22,21,38,35,21,1
53,27,25,27,33,38,40,26,25,49,1
64,28,25,26,18,25,37,26,19,44,1
52,34,18,24,18,25,38,41,22,44,1
51,26,14,20,21,24,30,39,32,30,1
70,41,20,26,20,24,44,36,20,45,1
60,27,19,25,24,24,29,42,40,24,1
50,46,22,35,32,30,37,21,22,55,1
73,32,36,41,23,27,46,47,35,45,1
52,24,17,35,24,24,21,35,24,30,1
59,36,23,36,36,24,45,29,19,55,1
68,45,20,45,30,29,41,48,29,50,1
54,19,28,26,25,25,33,34,39,28,1
60,35,26,53,33,29,55,42,23,62,1
58,23,20,25,17,29,35,32,20,40,1
74,44,38,38,25,30,37,55,28,49,1
62,27,20,33,17,25,41,33,26,46,1
59,36,24,50,32,34,35,41,28,46,1
45,29,23,35,26,30,39,30,23,42,1
62,38,16,21,19,34,43,36,21,36,1
59,33,23,26,32,34,37,36,24,45,1
59,28,17,33,25,26,39,38,43,29,1
63,23,19,23,22,28,31,42,36,29,1
74,34,32,43,34,26,38,50,35,53,1
68,40,32,41,41,26,31,40,22,50,1
55,33,21,42,20,29,34,42,26,38,1
65,33,23,25,21,24,29,36,41,33,1
55,28,20,35,16,21,32,42,41,32,1
66,39,32,44,39,18,32,50,32,55,1
53,35,25,40,28,34,33,29,21,50,1
58,26,20,48,21,24,33,36,22,44,1
49,24,22,33,34,27,40,22,17,49,1
71,30,30,45,32,35,33,47,28,56,1
56,29,25,40,40,35,30,32,26,51,1
60,32,22,33,21,26,27,35,36,23,1
55,39,25,28,24,30,38,33,24,35,1
52,34,28,48,19,21,43,31,22,47,1
73,38,31,44,27,36,51,48,33,62,1
65,21,12,22,20,27,21,30,30,30,1
52,40,27,36,32,24,29,47,28,61,1
54,24,23,34,22,23,35,40,27,34,1
62,34,23,41,32,18,34,37,28,45,1
58,26,22,28,30,22,25,43,38,22,1
56,37,29,50,32,26,28,48,28,52,1
74,38,25,45,25,25,41,39,23,51,1
56,26,30,42,30,32,44,37,22,52,1
60,26,21,28,14,23,20,39,37,32,1
50,30,16,40,20,20,37,38,36,35,1
57,32,22,22,21,33,35,45,27,38,1
51,28,21,38,37,22,37,39,24,49,1
63,27,22,23,24,25,39,44,42,25,1
54,37,30,38,24,33,46,27,23,48,1
46,32,20,39,28,28,38,42,23,40,1
50,32,28,31,31,31,35,29,28,50,1
75,32,35,37,33,31,54,54,37,69,1
62,30,20,27,17,32,42,40,22,40,1
58,40,24,31,26,31,30,42,28,37,1
49,33,31,42,37,34,51,25,26,61,1
50,36,28,40,28,25,33,34,20,40,1
55,30,22,41,43,24,37,29,14,55,1
62,29,24,28,22,26,41,41,31,33,1
47,24,18,26,28,24,33,30,31,28,1
55,26,16,30,14,25,35,34,32,37,1
54,19,15,21,22,19,26,37,35,29,1
67,40,32,41,28,21,36,40,30,48,1
54,25,23,28,24,28,26,34,31,21,1
57,19,23,23,27,21,37,45,28,21,1
51,39,13,28,21,33,38,33,31,38,1
68,34,24,31,16,28,38,37,21,41,1
66,39,27,51,30,33,38,35,24,50,1
62,37,27,36,27,26,35,45,39,44,1
46,35,26,45,31,29,33,28,24,47,1
60,29,22,31,33,33,48,23,22,56,1
61,36,22,22,28,27,28,34,23,44,1
66,47,27,44,36,27,30,41,24,42,1
63,31,30,41,31,28,45,43,30,51,1
52,29,35,48,32,28,35,24,24,45,1
45,32,28,48,23,28,35,38,21,34,1
52,34,22,45,33,32,36,42,25,63,1
47,34,21,38,24,26,43,45,25,38,1
54,35,17,37,40,33,42,38,22,50,1
70,26,32,46,28,29,40,47,21,45,1
57,24,13,25,19,23,20,31,32,29,1
64,34,20,20,23,27,38,30,27,37,1
62,36,26,30,32,25,36,26,25,57,1
62,31,26,45,25,32,49,52,33,57,1
62,34,29,48,31,23,32,45,29,48,1
66,29,28,40,22,23,35,45,17,40,1
69,36,22,17,34,22,36,47,33,21,1
61,31,19,27,27,23,32,43,34,24,1
51,38,20,35,21,25,39,40,18,34,1
57,34,25,36,36,30,46,30,24,70,1
59,34,25,47,30,27,27,41,29,45,1
58,27,25,38,24,25,32,33,16,37,1
56,31,23,25,26,25,34,38,41,36,1
67,31,29,22,19,24,39,36,22,40,1
58,25,20,20,22,25,36,35,34,30,1
51,35,23,42,32,27,31,30,16,60,1
63,28,29,21,31,31,29,45,34,27,1
51,35,28,52,28,24,43,50,31,46,1
20,19,35,14,22,18,32,35,9,17,2
30,40,50,23,24,50,32,58,25,40,2
22,34,64,8,24,40,39,57,17,26,2
29,48,50,21,26,45,33,54,25,27,2
20,55,40,26,16,33,28,51,15,20,2
19,30,51,10,25,26,31,48,18,22,2
28,30,42,18,20,36,30,49,16,27,2
22,27,39,25,18,33,19,50,19,26,2
27,14,41,24,21,30,18,56,15,23,2
14,43,48,22,13,26,33,44,17,25,2
25,53,64,27,19,34,29,49,32,30,2
22,29,53,16,26,21,24,39,28,32,2
18,49,46,28,19,31,32,49,20,27,2
15,24,21,24,14,29,14,45,18,27,2
22,50,25,35,12,44,34,62,17,30,2
23,40,49,21,36,47,26,67,26,41,2
32,26,54,45,25,25,27,61,23,32,2
23,20,48,19,25,26,24,67,21,32,2
19,39,37,32,14,32,21,73,12,33,2
31,29,35,19,25,39,15,65,20,22,2
23,22,39,22,25,35,37,53,16,29,2
19,16,54,13,35,22,19,31,13,19,2
20,50,31,27,11,31,27,30,28,21,2
26,42,34,18,20,30,30,43,22,23,2
24,49,35,26,16,32,26,49,25,23,2
19,32,61,19,21,26,28,56,23,37,2
16,14,37,13,23,19,22,47,14,16,2
23,55,33,20,20,29,31,31,18,26,2
16,64,31,26,28,34,37,58,36,14,2
16,26,29,31,17,33,20,50,17,24,2
20,42,29,35,20,27,33,72,19,27,2
20,48,49,29,21,41,23,52,23,23,2
22,49,32,29,10,37,33,59,28,31,2
22,36,47,22,27,44,26,50,26,29,2
20,17,43,14,20,25,24,53,6,30,2
19,38,41,20,19,18,29,50,17,20,2
23,40,51,31,24,40,27,62,27,39,2
15,33,38,20,18,25,31,52,15,19,2
18,25,27,29,18,42,18,51,15,29,2
24,39,40,25,23,36,29,60,19,33,2
29,23,57,19,21,31,15,55,15,23,2
14,40,47,9,19,31,33,46,19,16,2
24,21,44,16,23,34,19,59,11,24,2
17,43,50,22,30,49,24,52,37,32,2
26,38,26,18,19,43,29,60,15,25,2
20,28,21,34,13,48,25,61,26,26,2
26,38,55,21,16,36,31,47,28,29,2
22,63,44,30,21,33,32,62,21,26,2
17,36,56,37,20,28,24,56,21,22,2
27,40,55,19,19,40,34,61,13,25,2
17,59,35,17,21,34,29,65,18,26,2
22,25,58,20,21,29,34,45,29,34,2
14,44,26,26,12,30,24,23,16,19,2
27,35,48,19,24,28,29,54,22,19,2
22,48,25,36,23,46,31,61,16,24,2
8,71,43,30,18,38,25,51,31,26,2
21,23,45,23,25,31,19,38,12,12,2
14,41,42,23,19,29,33,47,13,22,2
25,38,31,32,25,29,18,60,17,20,2
28,40,48,20,20,32,31,50,30,41,2
17,50,37,36,16,30,26,61,24,26,2
18,51,47,37,22,42,44,57,39,32,2
24,31,39,19,22,38,19,45,15,25,2
23,23,57,18,23,30,29,50,18,35,2
23,29,47,23,22,27,32,61,20,23,2
12,46,35,28,20,34,27,39,14,28,2
29,29,63,23,17,40,35,50,41,35,2
16,24,33,30,23,38,30,58,19,23,2
29,18,33,25,19,20,24,48,13,29,2
34,37,45,29,21,34,25,57,18,27,2
24,45,55,34,16,43,22,62,27,26,2
29,21,49,22,21,26,18,38,18,26,2
18,13,38,13,17,29,29,41,7,22,2
31,14,39,15,16,20,31,40,10,14,2
23,36,47,23,20,38,29,57,19,30,2
30,50,36,27,23,33,23,56,27,28,2
21,43,27,28,16,37,27,61,15,31,2
13,9,37,14,19,22,17,44,14,17,2
25,26,53,20,32,33,32,49,18,28,2
24,51,35,14,16,43,36,62,22,34,2
23,46,45,24,27,31,23,47,30,23,2
22,54,37,38,17,35,36,59,28,33,2
28,12,37,21,9,19,18,38,10,28,2
16,37,37,23,20,39,29,69,17,30,2
14,51,37,33,11,39,23,49,22,34,2
29,39,51,50,21,34,37,74,21,27,2
24,35,53,30,16,42,20,69,29,32,2
32,33,62,37,26,35,28,79,20,28,2
17,48,39,29,16,26,34,40,34,22,2
33,44,32,25,21,29,26,60,26,17,2
23,29,50,21,21,28,29,46,13,29,2
19,29,46,23,18,34,26,45,31,38,2
23,57,51,29,15,37,45,54,24,34,2
17,36,65,23,22,47,26,44,35,38,2
11,37,30,40,14,39,24,59,26,30,2
13,56,37,17,24,22,25,56,21,14,2
30,18,57,23,23,31,23,62,13,37,2
27,64,46,32,19,27,20,44,28,29,2
27,38,65,12,22,40,23,60,32,32,2
35,21,47,16,16,35,26,46,13,25,2
20,28,32,17,16,37,23,48,15,19,2
19,21,66,16,20,26,17,39,23,24,2
24,44,45,10,21,29,28,38,20,19,2
27,31,63,15,20,28,34,48,28,30,2
23,41,33,27,26,23,20,56,23,29,2
17,42,44,29,13,37,18,41,24,33,2
15,41,43,20,23,29,33,43,23,26,2
33,23,47,20,18,32,27,50,16,23,2
17,34,39,19,19,30,33,50,13,30,2
27,38,70,17,21,30,31,50,29,30,2
23,32,62,37,25,33,22,65,19,19,2
25,65,31,17,32,31,30,41,21,21,2
27,36,49,20,23,34,37,70,26,31,2
30,49,54,13,20,30,46,53,27,25,2
16,43,32,17,16,33,33,59,21,20,2
19,50,52,27,25,28,30,51,38,26,2
21,35,58,23,21,43,25,48,41,37,2
19,27,49,17,22,24,35,43,10,25,2
21,13,41,14,25,23,27,34,11,21,2
22,41,35,17,30,43,29,55,25,37,2
34,38,35,19,17,39,37,50,17,36,2
23,46,25,21,14,33,24,60,29,22,2
22,58,51,26,20,30,33,44,27,26,2
30,14,42,12,18,22,26,49,11,23,2
24,17,58,22,32,31,18,49,15,36,2
29,44,42,20,27,42,37,60,18,36,2
18,28,34,19,20,26,29,48,21,18,2
25,38,59,20,16,38,35,58,34,34,2
23,31,40,21,30,28,24,38,13,35,2
26,42,39,22,22,35,28,53,17,29,2
16,64,40,28,13,38,26,53,26,28,2
16,38,39,26,20,36,27,39,22,29,2
27,22,44,17,24,25,31,52,20,24,2
24,38,71,28,23,36,24,59,33,34,2
25,52,30,40,13,39,33,88,19,33,2
24,48,40,23,24,28,29,53,20,33,2
32,15,44,27,23,36,33,50,18,26,2
21,45,32,22,19,36,24,42,26,25,2
39,35,46,20,16,35,34,50,25,32,2
19,49,38,21,23,22,34,41,11,20,2
15,54,55,28,26,29,32,53,27,25,2
20,25,35,17,19,31,17,52,23,23,2
16,45,37,28,20,32,31,39,19,18,2
22,36,54,19,16,31,16,48,20,28,2
23,9,51,16,23,17,21,35,10,19,2
16,23,37,20,21,29,35,58,15,17,2
20,47,30,23,19,23,33,54,25,18,2
25,16,53,16,31,32,16,60,14,37,2
14,38,38,32,26,40,17,54,17,23,2
15,43,32,28,22,21,35,31,24,22,2
33,41,50,27,25,39,23,58,23,25,2
14,42,45,30,18,40,19,70,16,30,2
25,18,42,14,21,31,27,41,6,36,2
17,43,64,11,23,29,23,44,20,21,2
14,36,30,19,21,39,25,60,19,34,2
14,54,32,26,21,31,45,57,35,25,2
14,30,38,18,22,37,26,58,23,27,2
22,32,44,28,13,33,22,64,21,26,2
19,19,52,23,14,33,22,40,12,30,2
27,15,35,30,21,22,22,39,15,22,2
28,37,57,16,21,35,29,51,27,35,2
21,54,45,26,22,40,30,45,25,18,2
20,31,71,27,21,31,21,40,29,34,2
21,64,51,31,19,28,32,46,27,29,2
22,46,44,33,18,38,28,54,34,35,2
21,39,37,22,28,46,36,59,30,38,2
20,33,50,13,27,37,47,54,20,28,2
22,42,53,12,25,36,29,51,20,20,2
21,23,45,50,25,23,34,67,24,26,2
20,19,64,20,25,21,34,44,37,27,2
20,37,67,29,27,36,30,43,39,38,2
18,58,47,37,19,30,25,59,21,24,2
17,40,26,17,20,15,31,55,16,14,2
22,39,41,25,18,37,28,48,23,31,2
25,35,42,21,18,30,37,39,24,25,2
18,41,34,25,35,30,20,36,18,27,2
24,36,26,22,11,29,25,33,14,23,2
16,32,48,26,24,48,26,58,25,40,2
27,40,52,13,21,32,40,54,22,26,2
21,34,40,15,25,37,31,55,23,30,2
23,27,53,23,33,30,14,60,18,38,2
35,65,43,29,25,37,45,40,20,23,2
21,37,29,32,16,37,20,59,16,30,2
17,50,36,32,18,45,33,60,19,36,2
20,10,53,16,19,17,27,60,6,20,2
24,42,23,35,20,37,29,67,23,38,2
19,42,26,39,17,34,24,60,25,36,2
24,55,41,29,24,30,33,43,19,20,2
21,43,35,18,25,28,42,42,22,21,2
12,33,40,21,9,19,34,40,12,22,2
16,49,42,23,24,47,40,68,32,40,2
22,39,54,9,16,27,35,46,21,20,2
22,64,25,20,26,28,37,34,23,16,2
17,26,26,26,20,28,23,51,17,24,2
24,42,63,11,21,41,40,56,15,29,2
18,40,56,30,23,43,19,60,19,28,2
20,43,27,21,20,41,27,55,22,29,2
35,49,45,27,26,21,29,37,20,25,2
36,54,36,31,29,32,21,57,22,23,2
23,28,28,24,15,42,23,51,30,18,2
28,10,41,14,15,18,19,50,10,21,2
26,50,36,29,26,21,31,37,16,21,2
19,47,29,24,15,26,24,30,27,17,2
10,54,24,39,16,52,26,91,18,36,2
33,26,35,25,25,44,22,51,21,33,2
16,35,62,17,26,37,31,43,31,23,2
33,40,53,20,24,53,37,57,16,37,2
25,45,37,25,22,41,28,77,22,30,2
28,54,47,32,20,34,25,55,27,25,2
26,36,62,23,32,48,25,44,37,34,2
28,37,36,31,26,35,25,54,27,35,2
22,44,57,24,20,48,17,61,29,41,2
22,36,56,28,18,43,30,52,28,21,2
11,55,49,32,18,37,25,53,17,35,2
20,51,33,35,14,32,28,75,26,32,2
31,11,46,15,22,20,23,37,10,21,2
17,33,52,30,15,50,20,59,23,35,2
19,34,61,27,21,38,31,61,18,34,2
20,33,40,26,12,39,18,65,14,26,2
20,41,22,36,19,31,20,53,21,31,2
15,22,33,25,21,29,18,39,16,20,2
17,42,26,35,17,35,29,74,16,26,2
18,45,35,22,13,22,30,32,22,19,2
13,31,33,20,26,35,24,54,12,22,2
28,36,41,26,23,26,26,63,12,25,2
29,25,36,22,28,31,24,62,16,26,2
18,41,42,27,21,31,29,44,19,21,2
28,52,30,30,27,44,31,63,28,17,2
19,56,56,29,22,23,24,49,22,26,2
21,17,64,23,21,28,24,41,35,21,2
12,73,36,34,18,47,26,62,22,31,2
25,24,62,29,14,29,34,47,35,26,2
18,48,30,29,20,30,31,62,22,31,2
19,38,51,20,16,22,26,40,30,29,2
10,63,50,30,12,27,25,49,29,28,2
26,9,38,16,24,22,31,45,9,17,2
22,36,28,26,14,32,19,53,9,18,2
17,33,41,29,16,36,31,82,19,33,2
26,18,40,19,23,32,20,50,12,23,2
30,63,38,25,24,30,36,38,24,24,2
22,28,31,19,16,31,28,45,30,26,2
34,28,50,38,27,37,33,60,25,33,2
25,32,40,21,31,38,24,64,21,36,2
17,35,39,12,16,26,24,49,25,20,2
19,48,41,41,24,27,30,61,21,26,2
24,45,38,23,21,25,27,44,18,23,2
31,36,66,19,21,26,32,44,22,38,2
30,28,65,11,22,36,29,38,25,36,2
28,23,32,14,15,24,30,41,9,13,2
25,53,44,26,22,29,22,54,15,17,2
13,50,38,25,16,37,26,54,22,23,2
25,31,45,24,23,29,32,48,11,27,2
22,44,42,19,24,46,19,61,15,30,2
16,38,28,22,18,41,23,61,17,28,2
19,25,29,19,16,30,34,47,10,21,2
28,32,37,14,21,38,25,55,24,28,2
10,50,54,30,12,26,29,44,19,17,2
17,34,24,30,11,34,27,61,29,32,2
19,45,29,26,18,28,26,58,17,29,2
23,50,42,20,23,37,22,37,20,36,2
26,72,35,32,24,32,40,41,25,24,2
16,8,48,13,27,14,15,41,13,21,2
23,25,30,17,21,31,31,51,16,14,2
24,57,56,24,24,33,35,66,20,27,2
21,38,54,33,27,42,35,63,19,34,2
20,36,45,20,31,41,34,31,25,30,2
20,26,32,21,24,30,34,48,25,28,2
19,42,45,27,15,51,27,58,24,32,2
24,41,43,20,25,43,27,50,16,45,2
22,27,43,20,23,43,18,46,21,23,2
17,50,53,30,22,50,26,67,24,38,2
24,46,36,30,28,41,24,37,25,28,2
22,41,40,28,18,50,28,59,22,32,2
30,24,45,20,26,29,30,53,15,30,2
24,30,20,21,15,23,17,43,21,28,2
14,54,56,23,10,29,23,43,26,28,2
23,44,34,21,25,39,25,55,14,28,2
33,65,35,20,20,30,43,33,23,31,2
24,17,69,23,26,27,26,51,36,28,2
25,11,37,11,31,23,23,32,5,21,2
15,41,57,19,21,40,39,62,22,21,2
14,43,54,14,24,26,21,46,22,16,2
25,50,47,22,27,42,33,64,33,45,2
22,31,42,27,21,42,28,60,30,31,2
10,38,37,38,16,44,20,74,11,30,2
16,42,29,28,14,33,30,50,25,31,2
16,50,52,32,15,41,28,59,33,27,2
14,47,53,29,19,32,30,55,19,23,2
18,39,46,36,20,45,13,68,18,31,2
21,45,31,21,23,32,27,61,21,21,2
27,42,28,21,16,24,25,57,17,22,2
20,33,38,27,19,34,29,54,16,30,2
24,13,39,11,38,22,20,36,23,15,2
27,19,40,21,26,27,13,34,19,21,2
24,38,41,31,23,41,28,46,22,30,2
27,50,44,23,21,51,32,61,19,34,2
26,30,67,26,22,35,30,58,29,25,2
16,71,40,34,12,48,31,59,31,29,2
21,27,45,27,22,37,33,69,14,18,2
17,55,48,38,13,44,38,55,29,32,2
22,28,53,27,16,36,38,66,30,25,2
13,35,43,15,13,25,23,35,18,18,2
26,17,31,22,20,25,23,43,17,27,2
23,42,49,24,31,27,37,48,21,35,2
27,31,51,29,23,38,19,47,26,25,2
19,11,45,13,27,14,17,37,5,22,2
15,24,60,39,29,38,24,55,34,31,2
18,61,41,23,17,39,24,46,17,27,2
28,33,36,28,22,34,28,41,27,21,2
14,50,58,20,23,38,31,64,25,33,2
24,12,34,19,9,18,31,46,9,23,2
23,43,36,21,22,46,33,62,18,40,2
23,50,30,24,13,28,26,51,26,18,2
13,47,46,20,17,35,22,43,26,13,2
16,45,49,26,16,37,16,65,21,29,2
21,52,35,28,18,40,22,70,21,33,2
20,34,68,24,29,45,24,55,38,31,2
17,48,26,31,24,23,26,36,19,18,2
27,42,65,29,27,51,27,71,27,34,2
27,39,49,25,16,32,27,45,29,18,2
24,50,43,38,17,36,38,55,27,30,2
15,36,65,34,21,49,23,78,29,37,2
34,23,55,21,26,29,32,47,11,24,2
18,46,38,34,15,30,24,43,18,24,2
22,37,62,29,25,52,28,58,33,33,2
20,42,34,14,15,42,34,43,18,37,2
21,50,59,28,15,32,40,42,27,26,2
23,36,44,23,29,43,31,53,22,41,2
24,63,41,27,26,41,27,64,24,27,2
8,32,50,23,21,44,22,62,21,27,2
19,40,46,20,25,39,26,57,18,28,2
20,44,34,20,19,29,39,54,12,19,2
22,25,74,18,20,27,27,39,19,31,2
24,38,59,22,27,34,29,50,27,44,2
26,24,62,26,33,35,15,64,22,28,2
25,31,38,22,21,35,21,50,21,30,2
25,40,30,29,21,41,27,54,15,22,2
19,50,30,23,26,26,25,57,19,27,2
21,51,45,31,26,39,32,53,31,32,2
13,58,44,34,13,46,32,68,33,36,2
17,35,50,30,31,49,23,51,28,35,2
29,24,46,22,18,31,22,51,11,34,2
23,58,41,25,18,41,35,61,26,30,2
23,18,27,26,20,23,16,37,22,20,2
24,40,62,27,23,42,28,59,34,34,2
14,11,38,14,27,22,30,38,15,20,2
20,11,39,18,11,23,30,50,6,17,2
24,38,32,15,21,29,26,53,19,17,2
22,50,69,21,31,47,38,65,18,29,2
22,35,51,23,30,40,35,66,18,33,2
23,52,32,37,13,53,20,53,26,31,2
16,58,25,21,11,29,26,56,25,29,2
30,36,27,23,31,24,26,53,12,29,2
30,35,30,26,17,37,41,60,21,33,2
26,54,57,28,18,31,30,36,18,22,2
28,52,47,27,25,25,26,41,18,18,2
28,64,41,27,15,37,27,46,31,25,2
17,59,39,23,12,35,28,45,13,23,2
19,27,77,25,21,25,24,40,29,27,2
14,38,29,24,27,23,21,30,20,20,2
18,29,52,23,29,19,26,53,15,19,2
23,42,32,27,21,38,25,58,8,27,2
31,29,46,20,24,31,20,33,16,24,2
27,29,42,19,25,35,22,44,24,40,2
19,57,32,29,11,26,30,34,19,25,2
24,19,39,23,27,25,21,37,11,29,2
25,45,29,21,19,22,23,55,17,25,2
19,35,40,26,19,41,21,74,14,31,2
25,39,33,33,21,31,23,60,21,29,2
27,47,59,24,17,30,24,61,31,26,2
23,48,53,34,19,57,22,71,29,49,2
17,51,37,37,19,34,23,69,34,33,2
15,53,33,25,21,37,38,67,24,25,2
14,39,37,23,21,23,27,58,22,19,2
26,33,57,41,26,42,29,77,28,28,2
24,44,48,16,28,42,44,58,28,21,2
16,34,39,18,12,31,19,60,11,28,2
26,45,62,29,13,53,21,67,29,39,2
25,43,25,22,16,38,33,66,21,27,2
25,46,60,13,19,39,32,59,11,23,2
16,33,47,16,21,25,27,48,19,11,2
18,37,59,27,27,52,25,61,27,40,2
17,33,47,22,23,31,34,43,33,32,2
24,10,58,19,21,16,19,46,5,24,2
21,14,53,15,34,24,23,43,9,26,2
31,40,48,26,21,36,33,50,13,29,2
25,37,55,19,20,26,30,41,22,22,2
16,40,37,26,14,51,24,66,18,29,2
21,41,34,29,31,43,21,64,23,32,2
23,45,34,28,20,29,17,60,22,20,2
25,47,48,21,16,42,29,53,25,31,2
16,42,48,20,20,36,30,50,13,28,2
26,18,43,17,14,21,24,43,13,20,2
15,40,46,19,10,35,22,40,22,20,2
19,39,41,28,18,52,23,67,15,22,2
22,53,50,22,22,45,28,56,21,36,2
22,34,34,32,19,45,21,49,22,33,2
38,30,38,22,26,38,29,55,18,28,2
35,24,82,23,19,28,36,33,30,32,2
20,20,54,24,22,25,18,41,33,24,2
15,71,35,28,31,40,27,51,34,24,2
31,49,38,27,20,32,41,52,25,29,2
34,44,51,26,24,44,29,70,30,40,2
12,44,24,26,19,22,19,37,24,25,2
25,37,33,24,26,21,36,45,33,25,2
27,27,62,18,19,29,24,50,34,35,2
22,26,45,16,33,31,16,57,24,29,2
15,41,43,26,18,28,41,57,23,20,2
19,47,43,31,24,34,36,44,22,21,2
14,48,19,40,16,42,21,63,15,40,2
27,8,48,21,24,23,23,37,17,22,2
20,41,45,24,26,40,22,49,30,28,2
24,35,35,27,23,24,32,44,31,31,2
22,37,44,25,22,33,30,54,23,32,2
17,34,48,10,25,30,29,43,24,19,2
20,46,30,31,15,31,28,36,19,22,2
17,43,31,23,19,26,29,63,23,21,2
25,42,42,22,18,36,25,52,14,23,2
29,59,35,24,21,19,36,42,16,25,2
22,39,43,21,13,37,30,62,19,28,2
17,32,39,21,24,37,26,41,26,35,2
27,53,41,31,19,42,33,59,27,35,2
21,47,41,32,20,38,36,52,28,33,2
23,30,46,52,31,30,24,66,24,27,2
14,35,29,21,25,26,34,47,16,24,2
29,26,39,18,22,23,37,46,19,34,2
26,42,39,31,15,48,23,69,20,27,2
25,61,42,30,17,28,32,46,26,28,2
32,12,63,19,21,29,24,54,24,24,2
21,47,52,14,26,29,38,53,19,25,2
26,30,44,19,32,32,31,56,20,25,2
25,21,43,16,32,25,18,52,18,21,2
25,34,60,31,28,39,24,64,24,22,2
17,22,34,24,16,19,22,45,19,30,2
20,18,23,30,21,28,18,45,17,20,2
23,45,38,20,24,42,34,51,22,23,2
26,46,35,30,19,21,27,36,19,12,2
18,48,48,20,10,24,21,47,25,38,2
28,33,56,19,27,31,23,60,13,27,2
28,53,36,29,23,42,30,70,29,25,2
14,58,37,32,14,37,28,44,27,30,2
18,12,31,8,20,21,27,37,9,20,2
15,51,40,23,12,30,36,55,21,29,2
25,35,24,27,21,29,26,54,13,30,2
20,38,52,25,24,44,29,62,30,32,2
22,24,31,27,19,23,14,48,20,22,2
29,56,28,34,23,33,26,62,22,31,2
27,33,50,38,25,45,27,63,23,32,2
27,46,43,35,34,56,26,79,29,39,2
17,37,42,35,21,39,16,53,16,29,2
20,6,58,9,25,26,29,44,7,28,2
18,11,38,15,21,25,18,34,17,16,2
25,53,37,32,21,28,28,56,25,30,2
22,32,39,23,13,27,27,57,9,28,2
25,14,52,22,29,20,25,50,22,31,2
21,33,59,28,15,39,29,54,32,33,2
21,56,33,22,29,45,33,51,22,30,2
29,51,54,22,27,37,33,71,24,37,2
13,45,28,32,17,39,24,53,19,37,2
16,44,29,19,20,17,38,54,26,15,2
12,72,41,28,11,40,25,50,16,26,2
16,14,48,22,21,34,18,60,14,32,2
15,32,66,30,22,40,38,56,22,31,2
21,48,60,28,33,40,29,67,27,41,2
19,40,51,40,21,30,21,68,31,25,2
22,32,46,21,17,32,26,39,20,22,2
26,26,42,25,18,25,33,55,10,24,2
16,46,26,28,22,37,35,74,23,30,2
20,36,47,32,16,53,22,69,36,36,2
22,34,51,26,19,25,38,53,20,34,2
10,39,22,23,19,22,21,28,19,23,2
26,26,48,46,12,33,36,73,30,32,2
36,35,41,40,22,31,30,66,20,24,2
17,27,29,26,14,32,19,62,23,25,2
27,37,23,29,25,34,26,50,25,40,2
18,44,43,36,21,29,30,55,24,30,2
28,42,40,24,22,45,26,48,14,19,2
24,33,35,18,24,28,25,57,23,19,2
14,48,60,32,20,25,34,40,21,14,2
23,29,43,20,25,30,22,60,21,43,2
23,34,31,22,17,30,28,49,13,19,2
24,49,28,28,22,28,23,67,22,29,2
14,29,48,17,28,35,22,59,11,31,2
13,56,31,25,28,41,34,60,21,26,2
35,37,42,20,20,35,23,56,22,25,2
15,44,46,33,17,35,28,65,28,32,2
22,59,56,23,14,35,47,53,27,29,2
35,58,28,22,31,34,38,38,17,24,2
29,75,48,26,19,31,28,53,23,19,2
14,45,32,27,15,29,29,54,13,23,2
24,47,45,31,15,33,26,51,23,20,2
25,46,34,17,22,27,30,45,17,18,2
16,26,32,23,12,31,21,53,13,30,2
23,45,32,18,16,21,25,48,22,19,2
19,38,53,25,25,44,30,55,32,26,2
13,46,55,23,12,29,29,48,24,14,2
26,36,49,21,32,37,36,66,24,37,2
30,14,44,18,18,26,24,51,32,21,2
25,35,39,20,16,36,29,60,17,22,2
31,39,38,25,29,35,41,69,22,40,2
35,15,49,14,22,18,29,48,12,16,2
18,87,40,29,27,37,36,65,28,22,2
20,29,41,24,25,38,28,51,17,30,2
17,27,48,28,24,47,23,47,36,36,2
32,32,48,20,30,33,21,56,12,40,2
15,39,29,27,19,37,35,69,19,27,2
22,11,44,12,31,26,20,37,13,15,2
27,44,44,24,23,57,32,77,27,44,2
36,70,25,22,31,29,35,41,16,33,2
17,43,25,35,18,25,25,60,12,30,2
17,39,54,35,19,50,26,56,29,39,2
19,54,40,33,17,16,22,37,25,18,2
21,30,39,8,22,27,27,39,16,18,2
24,43,33,28,15,31,25,60,12,25,2
22,47,26,38,18,37,24,70,18,36,2
25,40,38,21,26,39,27,55,24,23,2
26,21,40,18,30,28,16,53,17,21,2
29,50,29,22,23,47,30,68,15,28,2
25,39,74,13,18,37,33,39,29,38,2
19,55,56,26,24,31,38,57,21,31,2
22,21,42,28,31,25,18,34,10,22,2
26,59,42,32,27,42,29,60,32,25,2
21,26,39,22,15,40,15,43,16,22,2
21,56,41,24,6,33,28,46,15,22,2
36,30,35,18,17,27,37,46,19,24,2
20,49,48,32,21,32,27,38,24,22,2
26,49,55,33,21,39,31,40,18,26,2
28,16,40,18,21,18,20,43,10,22,2
22,32,45,21,20,21,24,34,10,19,2
17,36,63,28,21,37,18,50,39,35,2
27,34,33,29,19,41,33,52,15,28,2
20,33,53,32,21,32,25,52,25,24,2
26,34,56,20,24,32,27,64,26,34,2
17,33,35,31,17,42,19,72,9,25,2
23,36,43,25,20,28,32,73,13,23,2
16,62,41,33,17,27,34,41,26,22,2
20,48,34,35,23,26,25,42,16,16,2
18,35,43,19,13,22,34,51,18,22,2
20,66,33,33,20,36,40,61,34,28,2
30,51,37,29,22,34,25,55,29,14,2
15,49,31,27,24,22,28,36,18,7,2
16,73,50,30,15,46,24,56,19,30,2
18,19,26,31,23,25,24,41,14,21,2
22,72,38,35,37,36,33,65,35,26,2
27,50,25,22,20,20,28,48,25,14,2
35,16,45,14,16,30,29,52,17,27,2
23,45,40,29,27,37,25,54,27,29,2
17,49,45,21,14,36,41,49,21,28,2
31,37,37,22,21,31,28,40,20,31,2
19,35,23,22,25,26,22,57,23,25,2
12,44,46,20,18,27,28,35,13,16,2
21,31,42,26,24,28,34,56,24,26,2
31,33,37,23,24,26,26,56,17,25,2
27,12,57,20,24,30,22,48,25,33,2
25,38,50,43,18,35,37,68,23,20,2
22,41,50,22,26,51,27,65,21,37,2
20,42,35,19,27,26,26,49,23,15,2
17,33,42,19,11,28,36,30,19,23,2
29,41,42,24,25,38,37,63,24,35,2
22,23,62,22,18,23,30,42,37,30,2
30,32,40,27,29,40,38,63,13,27,2
25,53,62,23,28,43,38,65,29,34,2
17,20,64,24,23,26,29,43,37,25,2
18,38,37,20,24,37,38,52,24,47,2
25,34,40,27,19,36,19,58,23,31,2
20,40,59,14,16,27,42,34,19,18,2
21,56,43,22,20,34,30,57,18,32,2
15,27,45,17,17,36,18,46,16,26,2
30,22,51,17,23,40,27,58,20,22,2
33,58,37,37,28,32,30,46,25,22,2
29,25,33,24,22,26,23,55,17,17,2
20,37,41,32,16,44,12,83,19,35,2
26,35,40,48,22,30,25,68,19,24,2
16,42,46,20,16,24,30,39,14,19,2
19,31,51,11,18,30,36,41,18,15,2
16,50,50,24,13,30,26,46,19,16,2
19,39,37,22,15,30,27,32,20,11,2
20,54,43,24,28,42,35,61,21,37,2
30,53,49,29,24,36,31,49,24,30,2
11,67,51,19,15,21,28,32,13,22,2
17,13,34,10,15,28,28,44,13,17,2
17,43,23,34,13,49,18,58,20,29,2
19,28,37,26,15,36,22,60,21,22,2
23,64,40,26,21,34,28,57,32,26,2
27,48,59,32,22,30,28,49,29,28,2
23,37,57,9,15,31,21,40,16,14,2
22,40,22,37,18,53,29,54,22,24,2
30,72,32,22,23,24,27,43,12,27,2
16,41,36,31,21,47,21,75,14,30,2
23,50,35,19,18,33,22,59,20,24,2
22,41,36,22,15,45,36,44,24,36,2
25,37,62,17,13,31,30,51,22,24,2
23,43,22,34,22,32,21,64,11,25,2
28,37,68,33,18,39,35,63,29,31,2
25,26,35,21,23,27,25,35,12,19,2
21,50,36,36,16,46,44,66,29,32,2
18,55,43,27,10,41,34,55,20,21,2
19,38,36,28,22,38,34,69,15,32,2
18,30,31,18,19,35,29,59,16,29,2
15,47,32,19,26,21,28,43,21,16,2
20,49,28,25,20,29,29,61,9,28,2
38,38,44,22,24,34,39,69,20,29,2
27,39,31,27,27,43,33,70,21,37,2
25,28,44,25,30,42,22,50,26,33,2
27,38,45,24,23,37,33,60,25,31,2
26,38,54,12,18,35,34,50,19,25,2
21,48,19,38,18,36,28,55,18,33,2
26,41,36,24,21,34,25,62,24,35,2
15,24,28,16,17,41,26,65,18,28,2
18,40,29,23,24,32,35,50,25,16,2
27,28,43,23,20,39,24,47,21,27,2
14,34,36,19,23,40,34,57,17,25,2
27,34,48,28,34,46,26,66,29,43,2
13,33,43,28,24,38,24,43,24,27,2
28,42,41,33,27,53,43,75,23,31,2
16,33,26,21,12,25,19,24,23,19,2
29,25,40,15,28,30,18,46,15,21,2
21,29,67,17,18,32,29,45,26,28,2
23,42,41,31,27,48,20,45,25,33,2
31,21,52,35,22,25,30,79,13,30,2
27,10,42,12,23,19,13,36,9,23,2
24,12,39,13,14,23,34,30,7,21,2
27,32,45,25,28,40,30,65,10,24,2
18,63,42,33,23,23,25,39,26,24,2
32,16,14,38,12,24,22,52,50,14,0
32,15,18,40,23,15,34,49,49,14,0
34,17,19,57,39,23,30,32,50,27,0
36,22,16,53,44,26,34,28,31,29,0
23,23,19,40,54,16,20,31,47,31,0
30,17,21,64,54,9,30,34,44,34,0
40,25,22,59,50,14,37,32,32,40,0
41,25,22,53,41,17,27,28,30,36,0
24,24,16,57,47,25,36,21,38,39,0
29,21,19,62,23,19,42,30,35,31,0
21,28,10,46,64,23,28,32,61,34,0
29,16,18,59,33,5,39,36,44,23,0
44,21,18,54,25,10,32,33,38,27,0
31,14,12,66,44,12,35,25,29,37,0
30,25,16,48,71,23,36,28,56,33,0
24,23,17,41,45,26,22,33,51,29,0
33,20,18,65,43,10,25,33,44,29,0
27,17,15,50,45,18,42,28,32,30,0
23,36,23,23,19,27,21,37,27,16,0
22,23,22,30,22,14,26,45,66,15,0
33,24,19,55,37,15,32,25,29,33,0
26,16,20,54,34,14,37,42,43,23,0
30,23,16,39,26,12,15,48,49,15,0
36,27,21,57,37,13,27,27,30,34,0
37,19,19,63,30,15,29,24,31,33,0
34,15,22,35,17,26,25,43,47,20,0
29,27,16,68,41,12,38,28,28,31,0
42,22,21,66,27,20,33,25,37,38,0
32,19,18,50,35,11,39,34,51,35,0
32,23,22,64,19,22,27,25,37,35,0
22,28,21,27,27,28,23,39,46,11,0
32,15,19,68,31,11,28,29,35,26,0
25,30,21,33,23,24,26,29,29,7,0
39,26,21,61,43,19,33,28,31,34,0
30,30,13,56,38,14,45,26,23,24,0
34,19,15,60,26,14,25,25,32,37,0
38,22,16,69,22,18,29,31,38,30,0
30,26,20,54,29,21,29,23,29,25,0
33,19,16,64,39,17,34,35,47,37,0
36,15,14,67,30,18,42,35,38,35,0
18,24,35,34,30,22,20,31,37,10,0
49,27,24,50,44,15,31,28,35,36,0
16,28,19,43,42,22,21,29,44,40,0
38,16,14,52,22,9,40,28,48,27,0
24,18,28,28,27,20,25,31,37,9,0
31,22,18,34,22,19,26,38,43,18,0
31,24,22,27,20,31,18,33,40,21,0
30,19,13,57,21,15,25,25,29,34,0
35,20,18,56,42,20,26,37,55,29,0
26,20,24,35,28,20,23,44,50,14,0
37,28,23,60,35,17,35,28,27,28,0
25,31,28,53,39,17,28,32,48,31,0
45,22,16,74,33,20,36,33,37,39,0
23,21,10,54,61,15,22,34,49,22,0
25,22,19,34,20,14,24,44,50,14,0
40,26,21,59,44,24,29,34,22,37,0
38,24,26,50,42,21,30,28,22,33,0
26,18,39,34,36,24,25,40,44,10,0
31,21,24,73,30,17,38,26,29,34,0
30,17,22,54,36,12,29,36,50,18,0
19,29,14,32,21,35,15,33,33,21,0
38,22,15,50,31,13,28,33,48,20,0
29,26,21,61,36,19,30,29,18,34,0
35,28,23,63,40,13,34,29,29,36,0
34,22,18,61,55,14,40,31,31,47,0
42,28,19,54,60,24,22,34,57,31,0
26,15,17,42,27,26,23,61,51,15,0
28,22,21,54,37,18,35,26,20,32,0
27,18,18,64,22,13,33,31,38,36,0
36,22,20,75,29,16,36,34,37,37,0
22,15,17,35,14,12,24,41,54,16,0
32,25,17,51,42,19,37,35,37,34,0
27,15,9,43,32,14,40,31,30,24,0
35,28,20,36,21,40,17,31,50,13,0
37,22,18,33,24,8,21,40,62,21,0
43,12,14,81,33,19,33,28,44,36,0
32,30,16,53,56,19,22,35,62,34,0
29,19,21,59,26,23,34,30,34,27,0
50,21,26,60,40,13,39,36,41,40,0
22,25,28,34,21,28,20,36,24,16,0
30,19,26,63,23,16,28,24,34,33,0
51,22,17,49,38,13,35,31,58,26,0
23,29,27,52,63,17,32,45,52,30,0
31,18,14,65,27,18,38,35,36,39,0
20,28,21,27,21,25,29,28,33,13,0
14,31,30,19,18,23,25,32,41,9,0
27,21,17,61,32,22,34,29,35,32,0
29,28,18,60,44,13,30,36,26,33,0
19,31,22,45,55,17,23,23,48,26,0
20,19,24,51,40,23,21,34,34,16,0
19,19,18,32,20,9,25,42,66,19,0
29,23,21,50,28,11,39,33,47,20,0
29,23,17,55,32,9,33,42,45,23,0
30,37,23,26,21,23,26,44,23,17,0
41,22,14,61,30,18,32,30,36,38,0
26,14,11,51,29,10,22,39,44,16,0
24,17,14,76,36,13,33,39,34,37,0
21,23,44,32,17,27,16,33,40,10,0
35,17,14,51,46,14,39,39,60,35,0
24,14,23,26,18,13,28,45,53,14,0
16,19,14,30,20,26,19,36,32,9,0
26,19,22,51,12,16,43,29,35,37,0
20,26,21,45,46,17,15,29,42,33,0
14,21,29,24,22,17,24,26,32,14,0
26,10,32,31,19,15,27,42,46,18,0
32,16,17,45,38,18,37,28,41,20,0
18,28,23,41,48,22,27,27,37,26,0
30,20,21,76,27,21,31,30,35,30,0
28,13,19,62,15,13,37,26,29,33,0
33,21,12,64,23,14,30,25,34,33,0
17,21,32,28,33,20,21,32,45,20,0
27,20,17,46,32,12,33,27,34,27,0
24,16,18,37,24,20,28,37,49,14,0
23,20,22,59,30,17,35,28,26,30,0
45,29,15,56,52,12,31,28,36,35,0
24,21,18,80,23,12,34,33,40,28,0
31,25,16,67,51,14,46,35,29,43,0
32,24,25,47,45,23,19,30,50,30,0
33,15,13,50,36,8,36,34,44,16,0
22,15,20,34,27,14,14,47,53,19,0
17,23,29,50,45,14,18,30,56,33,0
31,17,12,38,27,19,23,40,55,18,0
22,21,24,26,20,22,20,34,52,17,0
46,18,17,60,32,13,29,24,37,33,0
37,27,22,67,46,13,37,41,50,27,0
31,27,21,56,62,20,30,44,54,40,0
28,23,28,61,22,21,35,26,35,28,0
31,24,24,62,63,10,27,37,48,25,0
27,19,16,66,50,22,38,27,36,32,0
28,14,28,35,29,18,26,49,57,14,0
41,19,21,63,47,15,34,26,25,35,0
27,19,19,60,22,12,37,26,34,29,0
28,20,18,30,20,35,16,30,35,14,0
43,13,15,60,32,9,40,36,44,27,0
39,15,27,72,33,11,40,29,41,34,0
29,16,20,30,20,28,27,28,51,17,0
33,19,17,61,33,15,30,24,25,27,0
25,20,19,59,52,20,23,33,52,30,0
28,16,17,50,44,23,21,27,35,19,0
26,26,24,28,21,20,18,28,22,16,0
27,19,18,33,28,12,27,42,56,13,0
29,17,18,40,21,17,28,34,47,12,0
33,11,18,63,27,14,36,30,44,33,0
22,11,25,27,20,18,17,46,51,17,0
24,24,13,57,46,14,29,33,30,33,0
41,27,22,62,41,12,31,30,23,32,0
39,19,19,57,31,14,30,35,38,33,0
37,20,16,51,27,18,28,25,46,19,0
24,28,26,37,59,17,28,28,53,33,0
21,30,28,17,20,24,21,28,28,11,0
31,22,18,59,42,7,36,32,52,31,0
30,16,19,60,19,18,34,24,32,25,0
44,22,12,55,40,16,32,37,45,27,0
22,32,19,42,48,13,25,33,36,29,0
24,25,21,43,55,20,23,26,51,24,0
22,23,17,40,50,20,24,40,56,32,0
29,13,18,35,26,16,22,46,48,10,0
29,18,25,33,22,19,28,42,57,18,0
23,28,14,57,60,19,18,33,42,24,0
23,15,20,61,32,21,34,29,35,30,0
31,43,31,27,18,33,12,36,26,16,0
22,29,19,42,54,14,21,41,40,28,0
37,22,19,52,41,19,26,31,24,35,0
22,25,19,30,22,27,18,34,40,16,0
36,32,19,42,44,15,41,35,27,42,0
14,28,28,29,16,23,18,28,29,12,0
37,16,20,68,27,16,35,31,43,37,0
21,27,14,53,42,20,38,31,33,39,0
39,23,13,50,18,15,27,26,35,36,0
16,40,23,35,15,23,27,37,24,12,0
36,17,18,34,23,12,19,46,50,18,0
19,15,19,34,17,19,21,37,42,16,0
26,23,18,47,39,22,24,33,49,18,0
39,24,9,54,41,10,27,34,55,23,0
29,19,17,56,47,15,35,33,47,25,0
25,13,19,41,26,22,23,42,47,11,0
22,31,15,41,39,20,15,26,42,26,0
28,21,18,40,22,14,18,48,48,15,0
34,25,24,62,22,20,33,35,36,36,0
37,30,21,58,43,12,38,28,27,28,0
23,25,26,36,18,21,22,37,28,9,0
19,23,18,27,25,39,13,33,34,12,0
28,26,24,41,40,14,20,28,37,33,0
28,29,16,52,53,34,15,38,46,26,0
19,21,12,38,34,25,17,33,44,23,0
22,25,13,29,24,22,26,37,43,16,0
34,17,10,79,28,19,43,22,34,37,0
32,23,17,45,55,24,23,32,40,27,0
29,27,19,52,41,15,32,35,30,27,0
37,23,22,43,50,13,27,35,21,27,0
26,30,20,36,20,26,19,41,29,17,0
24,45,16,31,25,20,19,44,34,7,0
44,24,17,54,35,9,26,38,55,28,0
27,14,21,37,31,14,31,42,62,13,0
36,21,14,52,37,17,31,27,32,32,0
37,22,17,49,45,12,31,29,46,28,0
25,27,19,35,22,12,20,45,53,10,0
21,17,16,31,19,23,21,41,46,19,0
28,29,24,41,42,21,27,26,48,31,0
31,30,25,33,21,32,24,37,26,13,0
28,22,19,66,27,16,49,28,31,30,0
37,15,18,80,27,16,41,43,29,45,0
28,28,13,52,30,18,32,36,25,32,0
21,16,17,31,23,16,20,42,50,16,0
23,33,23,24,26,22,22,23,33,12,0
31,20,19,52,32,21,32,27,40,27,0
35,20,19,65,19,10,30,24,34,29,0
28,27,16,42,52,27,24,35,41,25,0
34,25,21,66,28,15,40,23,32,24,0
22,32,12,20,22,32,24,35,38,10,0
29,21,15,65,45,24,31,33,33,36,0
35,23,20,62,37,20,39,32,23,32,0
32,21,14,52,40,6,35,31,42,29,0
22,33,26,29,28,25,24,24,34,13,0
25,26,18,58,42,19,32,34,20,33,0
37,20,16,62,40,23,39,31,36,34,0
27,20,12,59,40,15,43,38,55,30,0
37,15,15,60,39,16,40,39,45,28,0
22,33,34,32,23,19,29,33,31,14,0
19,17,22,41,48,17,19,26,43,22,0
24,25,22,34,19,17,25,51,44,13,0
30,25,14,32,18,9,18,41,58,17,0
31,16,19,59,31,20,30,31,35,25,0
22,35,17,33,20,25,18,33,32,14,0
29,29,15,52,64,21,30,25,46,21,0
21,22,20,27,24,19,22,32,36,20,0
28,17,11,60,17,17,27,34,34,33,0
36,21,21,59,51,13,32,28,36,35,0
21,40,19,21,20,30,17,21,36,14,0
35,18,23,65,38,11,35,43,53,33,0
40,26,15,54,41,12,28,33,21,32,0
32,23,14,64,35,12,32,29,60,22,0
26,28,15,49,40,17,41,30,25,27,0
29,24,9,72,36,7,34,29,54,28,0
34,29,18,64,41,19,46,31,28,38,0
24,43,18,30,25,34,16,25,34,13,0
44,30,18,52,55,15,34,33,26,34,0
36,36,22,44,59,29,27,39,62,32,0
27,28,16,32,20,33,25,30,37,15,0
34,20,11,58,32,16,38,32,43,30,0
24,28,22,42,54,19,27,30,41,26,0
37,19,15,56,33,16,43,27,50,27,0
36,28,16,64,25,11,32,24,36,33,0
30,19,22,49,49,14,34,32,30,44,0
43,14,15,54,41,15,28,39,53,30,0
35,22,15,46,57,13,22,37,47,35,0
31,23,21,45,29,19,35,26,24,25,0
26,35,25,56,55,15,29,33,51,32,0
36,18,11,52,30,18,28,34,47,24,0
31,19,21,76,25,20,37,34,32,31,0
17,34,23,49,68,14,29,32,60,33,0
33,29,25,52,55,18,20,35,46,33,0
23,29,25,33,20,19,24,31,36,13,0
37,29,26,34,22,39,24,25,44,6,0
16,38,26,26,21,34,13,33,35,18,0
32,18,19,37,15,8,27,44,53,9,0
29,17,29,65,31,15,29,30,42,34,0
22,37,27,29,23,28,17,19,35,16,0
24,24,26,62,23,18,26,31,28,33,0
39,16,7,29,24,14,24,44,51,6,0
26,16,26,55,26,15,30,31,30,39,0
36,22,19,53,27,16,33,30,25,30,0
24,39,26,52,54,22,23,30,40,37,0
28,30,16,39,20,28,28,30,25,10,0
42,20,17,64,15,12,29,31,34,31,0
28,26,13,54,40,13,40,35,30,27,0
33,17,32,27,22,12,25,46,52,15,0
32,26,24,50,45,12,30,31,25,28,0
28,22,13,43,31,20,20,35,43,27,0
24,21,20,62,16,18,33,27,37,39,0
20,25,22,40,45,15,22,33,56,34,0
28,15,24,72,29,10,42,22,41,35,0
30,14,22,42,27,18,20,45,54,16,0
22,23,31,30,29,15,24,31,38,19,0
42,20,16,58,47,16,33,29,49,26,0
33,23,13,61,26,13,42,32,50,22,0
23,18,16,51,39,8,39,33,48,23,0
35,16,14,58,32,9,29,28,52,24,0
27,31,15,59,45,20,51,27,18,40,0
26,16,24,32,18,22,22,35,45,15,0
25,17,19,33,25,14,26,48,47,12,0
18,39,25,31,22,21,18,38,29,18,0
26,33,16,56,40,18,36,30,30,23,0
29,16,20,31,27,9,28,53,44,11,0
21,35,24,28,22,29,19,31,24,10,0
36,18,20,51,33,18,35,29,41,20,0
25,22,17,67,43,18,45,29,50,29,0
25,24,15,62,43,20,41,37,40,43,0
40,19,20,73,25,11,31,30,38,37,0
34,18,18,84,28,10,27,26,33,39,0
31,19,27,31,28,17,23,39,57,20,0
22,28,19,39,65,19,30,31,36,26,0
44,19,7,49,39,17,34,31,45,26,0
23,30,15,43,48,30,20,33,46,30,0
29,17,15,33,21,13,22,39,57,14,0
32,16,16,53,34,17,39,22,44,24,0
26,30,21,40,26,21,19,41,29,10,0
17,35,34,26,18,30,26,31,37,6,0
25,25,27,31,18,35,21,21,40,8,0
38,18,15,79,25,11,34,28,35,34,0
30,29,18,46,54,28,24,39,54,35,0
33,21,16,56,31,14,30,34,38,25,0
32,24,8,53,40,19,30,38,35,37,0
22,14,20,29,16,20,18,40,42,12,0
29,15,14,57,32,18,33,34,45,25,0
35,23,25,52,30,18,30,30,31,32,0
31,25,13,52,52,21,31,36,59,33,0
35,20,28,42,28,20,23,31,48,14,0
20,23,32,27,24,17,17,31,35,9,0
38,32,17,66,50,15,34,27,38,40,0
23,25,24,43,58,18,30,23,50,33,0
23,24,25,42,46,13,25,32,50,37,0
30,12,17,42,30,14,26,34,62,17,0
30,22,15,48,40,15,37,36,50,21,0
33,26,20,60,37,20,41,32,36,32,0
26,27,17,46,63,17,17,37,45,26,0
20,21,15,39,39,21,30,33,53,27,0
25,15,21,37,27,20,21,43,55,15,0
39,33,14,63,50,18,35,31,29,30,0
29,23,15,50,35,11,23,32,45,23,0
19,18,23,32,20,7,18,50,45,15,0
27,16,9,29,29,21,24,42,49,16,0
16,27,36,37,27,21,24,25,37,19,0
35,18,16,56,39,18,24,37,42,25,0
25,20,25,32,25,17,32,41,41,16,0
34,24,19,64,29,23,29,35,33,35,0
24,25,18,57,35,15,43,25,34,41,0
21,17,22,37,19,17,26,57,39,20,0
38,23,17,42,30,34,20,33,41,15,0
29,28,13,56,32,20,43,29,44,29,0
24,37,26,25,22,33,27,37,27,14,0
37,19,14,62,29,12,21,37,31,39,0
21,33,25,26,21,26,22,28,39,15,0
29,18,16,55,31,21,43,39,57,33,0
20,18,13,34,23,17,24,40,50,14,0
19,35,25,31,25,21,27,30,34,12,0
17,21,13,32,28,15,29,42,56,19,0
30,17,25,37,22,19,25,49,48,16,0
33,13,22,67,35,16,36,26,36,33,0
20,18,12,26,23,22,27,42,50,19,0
15,34,25,42,44,14,23,29,45,26,0
21,34,12,44,42,23,19,23,40,26,0
26,20,24,31,18,13,16,43,46,15,0
16,30,25,26,21,31,15,34,32,17,0
27,32,24,28,20,25,19,25,40,9,0
34,13,14,36,26,12,27,59,52,16,0
21,24,16,22,12,13,18,44,46,16,0
31,21,20,56,57,18,34,39,34,32,0
25,33,15,40,37,17,26,29,34,30,0
33,19,18,55,44,13,32,36,34,22,0
39,24,17,58,43,10,29,27,23,27,0
43,18,20,70,27,16,35,30,35,46,0
42,23,15,53,35,19,31,29,20,39,0
24,41,18,34,16,26,18,34,29,12,0
26,19,15,65,41,17,40,25,30,35,0
26,27,23,32,26,33,19,29,37,11,0
43,18,13,71,30,15,49,33,35,42,0
21,28,18,28,22,39,20,39,48,15,0
28,21,20,32,58,15,22,27,49,25,0
36,16,15,64,25,18,26,33,32,32,0
34,17,16,72,32,17,39,31,46,34,0
23,15,17,60,35,12,43,37,47,27,0
27,17,10,50,32,13,43,28,39,25,0
29,21,22,56,45,16,30,27,28,35,0
29,19,21,47,48,16,35,36,45,23,0
21,38,13,57,45,18,30,30,63,30,0
23,23,22,51,44,20,29,25,33,22,0
26,28,13,51,40,26,36,24,32,33,0
41,10,12,27,28,20,23,49,58,18,0
34,34,21,29,26,32,22,29,29,20,0
17,20,20,31,22,12,24,48,52,21,0
33,17,14,58,36,18,34,30,49,29,0
28,22,15,31,25,12,23,39,57,14,0
17,38,22,26,18,30,18,28,36,12,0
20,34,33,37,26,21,21,39,40,14,0
31,23,15,35,19,11,29,49,52,15,0
25,23,19,35,18,30,21,33,28,15,0
25,22,8,47,39,23,22,30,43,25,0
31,14,16,35,20,23,28,55,42,23,0
31,22,13,34,22,18,24,41,65,18,0
33,29,14,47,36,17,41,29,25,31,0
25,38,22,35,18,23,18,30,36,18,0
26,19,27,45,28,18,34,57,55,9,0
22,18,17,35,24,19,25,42,53,15,0
25,22,26,33,17,19,21,45,52,13,0
28,21,19,44,40,16,29,41,45,20,0
37,25,20,55,39,18,32,26,30,35,0
29,31,16,43,50,26,15,35,44,31,0
23,14,19,54,35,19,35,35,41,23,0
31,20,20,58,41,15,39,29,24,35,0
26,21,21,23,15,33,23,28,32,11,0
22,18,26,31,20,33,22,30,30,8,0
18,25,35,37,23,27,25,29,29,6,0
27,15,25,33,16,14,20,44,53,16,0
37,26,21,67,37,10,24,34,22,29,0
34,22,15,57,25,14,26,30,34,32,0
30,33,19,27,26,37,18,29,29,9,0
16,28,23,43,43,18,24,30,44,26,0
39,23,17,63,31,21,32,32,37,29,0
21,22,29,24,26,13,15,38,44,13,0
31,22,24,60,38,15,36,35,22,40,0
32,21,20,58,36,19,36,25,31,27,0
35,27,15,54,25,14,26,29,33,35,0
25,14,19,35,21,19,19,40,50,16,0
38,27,17,57,48,23,47,39,56,30,0
48,13,19,69,23,13,29,32,34,34,0
47,30,14,71,49,15,41,30,32,43,0
31,24,18,57,30,16,42,34,30,29,0
27,24,14,59,41,16,39,31,28,29,0
16,22,20,26,16,12,19,38,52,23,0
31,27,21,58,52,18,31,32,43,29,0
20,20,10,54,44,26,25,37,50,28,0
24,27,23,33,21,25,25,45,27,18,0
44,20,16,49,42,17,33,27,25,37,0
26,26,34,32,17,19,20,30,37,20,0
20,26,18,29,25,13,18,39,39,12,0
27,19,18,32,25,27,24,42,58,16,0
27,29,12,46,41,21,43,27,25,30,0
40,23,13,50,32,15,31,29,35,31,0
27,27,27,33,14,31,24,24,45,15,0
24,27,18,39,46,25,27,33,44,27,0
30,25,18,53,39,9,28,43,39,27,0
28,15,20,27,17,12,25,44,41,14,0
43,23,16,58,52,16,28,21,29,30,0
30,33,11,57,37,24,26,31,31,32,0
33,16,12,68,30,15,26,31,29,32,0
31,22,22,49,24,13,33,37,39,28,0
35,18,14,49,44,11,29,35,54,17,0
28,24,22,31,18,22,21,28,32,14,0
21,24,18,53,42,20,15,30,36,22,0
36,23,14,62,25,21,31,31,39,34,0
17,35,17,27,18,31,19,26,30,8,0
30,34,18,32,19,23,25,42,31,9,0
18,32,20,27,18,28,16,28,28,13,0
35,14,14,54,22,15,41,29,41,34,0
43,25,18,67,28,15,24,31,36,19,0
33,19,18,50,31,9,38,30,49,26,0
39,18,18,67,41,16,27,37,25,36,0
16,26,21,47,45,17,30,23,35,33,0
39,21,15,62,46,17,32,34,49,28,0
30,19,8,61,35,20,32,25,42,23,0
27,24,13,49,41,16,34,35,25,25,0
41,22,8,64,34,12,24,43,40,21,0
29,23,26,20,24,23,15,29,34,12,0
35,12,18,61,25,10,36,22,35,28,0
27,31,16,47,52,22,25,32,61,31,0
28,21,15,56,52,21,21,29,51,30,0
38,15,16,34,28,16,25,47,63,18,0
36,15,16,60,42,20,38,34,36,41,0
24,25,32,27,23,30,22,33,41,14,0
21,26,16,42,37,14,19,31,39,27,0
18,26,22,52,50,20,28,30,47,24,0
40,22,7,51,37,11,28,30,40,23,0
25,29,16,35,54,21,24,23,46,29,0
36,22,10,52,39,15,29,27,58,18,0
24,17,18,59,18,17,38,28,31,32,0
23,27,14,53,42,10,31,39,42,28,0
31,18,15,60,33,23,32,28,38,31,0
20,41,23,29,22,20,23,29,29,13,0
33,26,21,43,44,16,21,31,45,27,0
35,15,21,64,29,15,39,31,43,41,0
27,25,26,49,55,9,33,28,50,28,0
28,13,14,44,31,6,30,37,38,20,0
26,20,32,35,20,24,22,36,36,9,0
36,21,14,58,44,18,26,33,27,24,0
32,15,18,28,22,20,22,46,45,12,0
32,21,10,55,41,12,27,36,46,30,0
30,27,24,59,44,14,31,29,36,29,0
23,27,18,65,45,19,33,28,32,42,0
24,30,38,33,23,23,23,32,41,15,0
40,19,14,68,23,15,36,35,33,27,0
39,16,14,53,34,12,32,32,57,30,0
24,16,13,31,21,17,25,38,49,15,0
38,18,18,65,20,19,22,29,35,31,0
23,30,22,43,61,15,26,28,65,29,0
27,25,18,50,36,13,24,32,44,33,0
29,32,18,47,58,23,25,31,55,30,0
28,23,13,52,42,12,30,35,51,15,0
31,32,18,43,57,18,19,33,50,32,0
44,27,22,55,59,14,29,33,40,35,0
27,16,17,33,23,13,22,39,56,12,0
37,14,18,62,34,25,45,32,40,38,0
20,26,24,36,25,28,18,36,29,12,0
33,17,25,26,20,25,16,39,54,17,0
35,24,18,49,40,15,17,29,28,38,0
42,24,21,56,47,16,31,30,30,25,0
35,16,17,38,20,13,18,55,53,14,0
32,17,15,56,23,19,26,27,32,35,0
35,21,18,70,23,20,41,32,32,31,0
31,14,12,65,16,13,34,26,33,31,0
28,19,15,69,28,11,26,18,28,33,0
31,15,21,62,33,15,32,32,31,27,0
40,20,15,58,57,13,34,42,49,35,0
22,20,13,44,53,23,21,29,58,25,0
23,25,20,46,60,27,28,37,56,32,0
23,24,20,37,22,19,24,39,44,14,0
34,23,22,64,36,11,40,29,50,39,0
33,10,16,47,29,14,25,30,44,16,0
26,32,24,54,53,15,28,40,46,34,0
33,20,16,29,21,24,26,37,50,18,0
42,26,17,57,40,16,30,24,31,33,0
24,24,18,45,56,18,23,34,59,32,0
29,17,19,29,35,22,30,44,51,14,0
30,21,22,64,23,18,38,32,35,26,0
33,19,20,78,20,16,26,26,28,27,0
25,15,22,35,30,12,19,45,64,15,0
32,16,18,45,33,13,37,28,48,21,0
22,22,20,47,39,18,25,33,40,24,0
17,27,28,26,20,15,18,22,31,6,0
41,18,18,39,28,26,21,39,66,13,0
20,30,29,24,16,13,18,26,39,18,0
21,31,34,25,19,18,21,25,39,14,0
36,21,24,54,44,19,27,37,30,33,0
36,18,18,66,27,13,31,26,37,31,0
37,18,17,69,36,14,39,28,36,30,0
41,22,15,73,26,20,32,30,34,35,0
34,21,12,52,53,26,32,38,37,30,0
34,15,19,53,44,12,29,33,39,19,0
25,24,13,44,45,14,24,32,56,30,0
31,16,16,51,33,9,36,29,39,23,0
33,32,15,49,39,27,20,29,37,29,0
29,13,12,68,22,16,40,28,32,36,0
19,27,16,42,59,13,21,34,46,25,0
23,25,9,40,72,22,22,28,49,25,0
21,29,21,32,26,32,18,41,40,15,0
24,33,22,40,20,32,25,36,28,14,0
28,26,30,27,18,20,21,30,37,16,0
28,18,20,51,36,15,19,27,48,20,0
20,28,15,40,52,22,20,30,38,26,0
25,26,19,43,48,8,29,28,44,26,0
27,24,20,48,60,12,26,34,53,32,0
32,22,15,71,26,14,32,32,37,27,0
29,28,18,47,42,17,12,28,37,22,0
33,12,7,56,34,18,26,35,42,21,0
32,16,24,39,23,20,27,42,49,13,0
31,21,22,54,20,18,32,26,37,34,0
36,38,20,39,24,27,23,39,30,9,0
34,19,18,46,36,9,39,33,40,26,0
37,20,14,69,31,15,34,35,37,42,0
41,25,19,55,51,18,42,33,32,44,0
28,18,21,36,36,21,31,42,61,13,0
26,11,22,32,30,10,33,43,60,14,0
31,27,15,53,40,16,31,36,41,33,0
33,35,25,28,27,34,19,34,32,17,0
30,22,19,62,50,19,39,37,34,33,0
39,16,13,65,24,11,33,26,33,28,0
36,16,19,54,35,16,31,31,47,23,0
27,34,21,49,40,17,25,36,48,30,0
22,32,24,35,22,23,23,27,35,12,0
21,20,13,36,25,15,34,52,57,14,0
24,12,16,35,15,13,22,41,46,8,0
40,28,20,56,43,17,30,34,31,29,0
21,17,19,29,24,19,17,45,59,16,0
24,36,28,46,46,15,33,27,44,32,0
28,15,9,30,23,14,19,46,59,12,0
38,28,11,52,19,17,26,33,27,31,0
34,19,18,72,22,21,35,40,30,36,0
26,27,23,46,57,11,23,27,63,31,0
46,24,25,58,34,16,35,31,38,25,0
32,17,13,59,27,16,30,33,35,30,0
36,29,27,30,27,34,22,35,31,9,0
33,20,18,41,27,19,27,48,54,14,0
31,29,20,49,53,15,27,36,58,25,0
31,21,11,54,39,17,26,39,33,28,0
21,24,15,61,33,22,43,24,27,29,0
24,21,10,40,22,15,22,45,46,10,0
20,15,12,49,44,17,39,27,26,30,0
25,18,13,50,45,18,35,24,31,26,0
26,34,26,39,29,14,18,47,34,13,0
34,22,14,37,26,15,25,54,56,16,0
29,28,17,46,38,17,41,27,33,44,0
27,29,21,39,59,20,32,30,49,34,0
23,21,44,30,20,21,18,34,33,5,0
23,20,21,63,28,18,41,29,33,27,0
28,33,39,24,26,23,29,42,40,15,0
32,17,14,65,25,14,30,30,30,32,0
27,22,29,32,22,10,17,42,54,15,0
30,20,11,45,25,17,27,23,33,33,0
32,13,18,27,22,18,18,50,45,19,0
28,34,21,41,69,17,26,24,37,21,0
33,21,13,51,31,15,32,39,49,18,0
25,26,13,41,61,15,22,37,46,31,0
29,22,19,49,41,13,36,39,46,27,0
41,18,13,78,31,9,37,38,45,31,0
23,28,34,27,28,29,20,41,26,14,0
35,16,16,36,21,16,22,40,52,16,0
31,27,22,35,24,17,26,46,48,12,0
29,28,30,32,22,18,24,37,43,10,0
22,23,18,34,29,17,24,49,55,11,0
28,24,16,51,35,9,26,35,38,24,0
32,22,13,55,33,11,30,32,41,28,0
26,27,12,50,44,12,30,41,54,37,0
34,18,17,32,24,14,25,38,56,15,0
40,19,9,55,28,6,35,34,50,23,0
39,18,15,61,30,11,31,35,44,34,0
22,20,28,39,33,11,23,44,48,17,0
36,22,16,52,39,11,29,31,44,25,0
26,27,21,28,24,27,18,26,35,16,0
26,17,18,61,36,16,35,33,45,22,0
20,14,12,30,22,14,17,53,55,13,0
31,20,11,60,35,16,30,36,49,30,0
25,22,12,48,50,18,18,37,51,24,0
26,16,17,62,11,13,33,27,32,35,0
29,27,18,42,52,21,28,37,50,35,0
31,17,18,58,22,16,30,26,43,22,0
23,29,24,30,16,26,29,36,21,15,0
36,20,12,73,22,12,44,24,35,36,0
31,14,16,65,27,16,37,22,23,34,0
20,30,18,48,38,13,25,25,35,20,0
26,24,23,33,21,40,19,29,32,14,0
25,34,13,36,24,22,24,36,39,12,0
26,23,20,51,41,14,43,28,32,33,0
37,16,15,53,33,20,40,25,44,20,0
35,24,25,57,58,16,39,39,31,38,0
42,18,19,59,42,17,34,36,51,34,0
28,18,18,62,22,18,30,31,30,34,0
18,28,28,24,19,22,27,23,41,15,0
18,18,16,30,24,18,26,42,56,12,0
15,27,23,32,70,15,31,31,60,23,0
37,23,10,69,49,7,25,35,44,30,0
